Index;Name;Author;User Rating;Reviews;Price;Year;Genre 1;Genre 2;Genre 3;Number
1;10-Day Green Smoothie Cleanse;JJ Smith;4,7;17 350;8;01/01/2016;Non Fiction;Health, Fitness & Dieting;Diets & Weight Loss;1
2;11/22/63: A Novel;Stephen King;4,6;2 052;22;01/01/2011;Fiction;Literature & Fiction;Genre Fiction;1
3;12 Rules for Life: An Antidote to Chaos;Jordan B. Peterson;4,7;18 979;15;01/01/2018;Non Fiction;Health, Fitness & Dieting;Psychology & Counseling;1
4;1984 (Signet Classics);George Orwell;4,7;21 424;6;01/01/2017;Fiction;Literature & Fiction;Genre Fiction;1
5;5,000 Awesome Facts (About Everything!) (National Geographic Kids);National Geographic Kids;4,8;7 665;12;01/01/2019;Non Fiction;Children's Books;Education & Reference;1
6;A Dance with Dragons (A Song of Ice and Fire);George R.R. Martin;4,4;12 643;11;01/01/2011;Fiction;Literature & Fiction;Action & Adventure;1
7;A Game of Thrones / A Clash of Kings / A Storm of Swords / A Feast of Crows / A Dance with Dragons;George R.R. Martin;4,7;19 735;30;01/01/2014;Fiction;Literature & Fiction;Genre Fiction;1
8;A Gentleman in Moscow: A Novel;Amor Towles;4,7;19 699;15;01/01/2017;Fiction;Literature & Fiction;Genre Fiction;1
9;A Higher Loyalty: Truth, Lies, and Leadership;James Comey;4,7;5 983;3;01/01/2018;Non Fiction;History;Americas;1
10;A Man Called Ove: A Novel;Fredrik Backman;4,6;23 848;8;01/01/2016;Fiction;Literature & Fiction;Genre Fiction;1
11;A Man Called Ove: A Novel;Fredrik Backman;4,6;23 848;8;01/01/2017;Fiction;Literature & Fiction;Genre Fiction;1
12;A Patriot's History of the United States: From Columbus's Great Discovery to the War on Terror;Larry Schweikart;4,6;460,00;2;01/01/2010;Non Fiction;Politics & Social Sciences;History;1
13;A Stolen Life: A Memoir;Jaycee Dugard;4,6;4 149;32;01/01/2011;Non Fiction;Biographies & Memoirs;Autobiography;1
14;A Wrinkle in Time (Time Quintet);Madeleine L'Engle;4,5;5 153;5;01/01/2018;Fiction;Science Fiction & Fantasy;9k6;1
15;Act Like a Lady, Think Like a Man: What Men Really Think About Love, Relationships, Intimacy, and Commitment;Steve Harvey;4,6;5 013;17;01/01/2009;Non Fiction;Self-Help;Psychology;1
16;Adult Coloring Book Designs: Stress Relief Coloring Book: Garden Designs, Mandalas, Animals, and Paisley Patterns;Adult Coloring Book Designs;4,5;2 313;4;01/01/2016;Non Fiction;Crafts, Hobbies & Home;Crafts & Hobbies;1
17;Adult Coloring Book: Stress Relieving Animal Designs;Blue Star Coloring;4,6;2 925;6;01/01/2015;Non Fiction;Crafts, Hobbies & Home;Crafts & Hobbies;1
18;Adult Coloring Book: Stress Relieving Patterns;Blue Star Coloring;4,4;2 951;6;01/01/2015;Non Fiction;Crafts, Hobbies & Home;Crafts & Hobbies;1
19;Adult Coloring Books: A Coloring Book for Adults Featuring Mandalas and Henna Inspired Flowers, Animals, and Paisley…;Coloring Books for Adults;4,5;2 426;8;01/01/2015;Non Fiction;Crafts, Hobbies & Home;Crafts & Hobbies;1
20;Alexander Hamilton;Ron Chernow;4,8;9 198;13;01/01/2016;Non Fiction;Biographies & Memoirs;Autobiography;1
21;All the Light We Cannot See;Anthony Doerr;4,6;36 348;14;01/01/2014;Fiction;Literature & Fiction;Genre Fiction;1
22;All the Light We Cannot See;Anthony Doerr;4,6;36 348;14;01/01/2015;Fiction;Literature & Fiction;Genre Fiction;1
23;Allegiant;Veronica Roth;3,9;6 310;13;01/01/2013;Fiction;Teen & Young Adult;Literature & Fiction;1
24;American Sniper: The Autobiography of the Most Lethal Sniper in U.S. Military History;Chris Kyle;4,6;15 921;9;01/01/2015;Non Fiction;Biographies & Memoirs;Autobiography;1
25;And the Mountains Echoed;Khaled Hosseini;4,3;12 159;13;01/01/2013;Fiction;Literature & Fiction;Genre Fiction;1
26;Arguing with Idiots: How to Stop Small Minds and Big Government;Glenn Beck;4,6;798,00;5;01/01/2009;Non Fiction;Politics & Social Sciences;Politics & Government;1
27;Astrophysics for People in a Hurry;Neil deGrasse Tyson;4,7;9 374;9;01/01/2017;Non Fiction;History;Americas;1
28;Autobiography of Mark Twain, Vol. 1;Mark Twain;4,2;491,00;14;01/01/2010;Non Fiction;Literature & Fiction;History & Criticism;1
29;Baby Touch and Feel: Animals;DK;4,6;5 360;5;01/01/2015;Non Fiction;Children's Books;Early Learning;1
30;Balance (Angie's Extreme Stress Menders);Angie Grace;4,6;1 909;11;01/01/2015;Non Fiction;Crafts, Hobbies & Home;Crafts & Hobbies;1
31;Barefoot Contessa Foolproof: Recipes You Can Trust: A Cookbook;Ina Garten;4,8;1 296;24;01/01/2012;Non Fiction;Cookbooks, Food & Wine;Regional & International;1
32;Barefoot Contessa, How Easy Is That?: Fabulous Recipes & Easy Tips;Ina Garten;4,7;615,00;21;01/01/2010;Non Fiction;Cookbooks, Food & Wine;Regional & International;1
33;Becoming;Michelle Obama;4,8;61 133;11;01/01/2018;Non Fiction;History;Americas;1
34;Becoming;Michelle Obama;4,8;61 133;11;01/01/2019;Non Fiction;History;Americas;1
35;Being Mortal: Medicine and What Matters in the End;Atul Gawande;4,8;11 113;15;01/01/2015;Non Fiction;Medical Books;Administration & Medicine Economics;1
36;Between the World and Me;Ta-Nehisi Coates;4,7;10 070;13;01/01/2015;Non Fiction;Biographies & Memoirs;Cultural & Regional;1
37;Between the World and Me;Ta-Nehisi Coates;4,7;10 070;13;01/01/2016;Non Fiction;Biographies & Memoirs;Cultural & Regional;1
38;Born to Run;Bruce Springsteen;4,7;3 729;18;01/01/2016;Non Fiction;Politics & Social Sciences;Social Sciences;1
39;Breaking Dawn (The Twilight Saga, Book 4);Stephenie Meyer;4,6;9 769;13;01/01/2009;Fiction;Teen & Young Adult;Science Fiction & Fantasy;1
40;Broke: The Plan to Restore Our Trust, Truth and Treasure;Glenn Beck;4,5;471,00;8;01/01/2010;Non Fiction;Politics & Social Sciences;Politics & Government;1
41;Brown Bear, Brown Bear, What Do You See?;Bill Martin Jr.;4,9;14 344;5;01/01/2017;Fiction;Children's Books;Early Learning;1
42;Brown Bear, Brown Bear, What Do You See?;Bill Martin Jr.;4,9;14 344;5;01/01/2019;Fiction;Children's Books;Early Learning;1
43;Cabin Fever (Diary of a Wimpy Kid, Book 6);Jeff Kinney;4,8;4 505;0;01/01/2011;Fiction;Children's Books;Growing Up & Facts of Life;1
44;Calm the F*ck Down: An Irreverent Adult Coloring Book (Irreverent Book Series);Sasha O'Hara;4,6;10 369;4;01/01/2016;Non Fiction;Crafts, Hobbies & Home;Crafts & Hobbies;1
45;Can't Hurt Me: Master Your Mind and Defy the Odds;David Goggins;4,8;16 244;18;01/01/2019;Non Fiction;Self-Help;Motivational;1
46;Capital in the Twenty First Century;Thomas Piketty;4,5;2 884;28;01/01/2014;Non Fiction;Politics & Social Sciences;Politics & Government;1
47;Catching Fire (The Hunger Games);Suzanne Collins;4,7;22 614;11;01/01/2010;Fiction;Teen & Young Adult;Literature & Fiction;1
48;Catching Fire (The Hunger Games);Suzanne Collins;4,7;22 614;11;01/01/2011;Fiction;Teen & Young Adult;Literature & Fiction;1
49;Catching Fire (The Hunger Games);Suzanne Collins;4,7;22 614;11;01/01/2012;Fiction;Teen & Young Adult;Literature & Fiction;1
50;Cravings: Recipes for All the Food You Want to Eat: A Cookbook;Chrissy Teigen;4,7;4 761;16;01/01/2016;Non Fiction;Cookbooks, Food & Wine;Quick & Easy;1
51;Crazy Love: Overwhelmed by a Relentless God;Francis Chan;4,7;1 542;14;01/01/2009;Non Fiction;Christian Books & Bibles;Christian Living;1
52;Crazy Love: Overwhelmed by a Relentless God;Francis Chan;4,7;1 542;14;01/01/2010;Non Fiction;Christian Books & Bibles;Christian Living;1
53;Crazy Love: Overwhelmed by a Relentless God;Francis Chan;4,7;1 542;14;01/01/2011;Non Fiction;Christian Books & Bibles;Christian Living;1
54;Crazy Rich Asians (Crazy Rich Asians Trilogy);Kevin Kwan;4,3;6 143;8;01/01/2018;Fiction;Literature & Fiction;Genre Fiction;1
55;Creative Haven Creative Cats Coloring Book (Adult Coloring);Marjorie Sarnat;4,8;4 022;4;01/01/2015;Non Fiction;Crafts, Hobbies & Home;Crafts & Hobbies;1
56;Creative Haven Owls Coloring Book (Adult Coloring);Marjorie Sarnat;4,8;3 871;5;01/01/2015;Non Fiction;Crafts, Hobbies & Home;Crafts & Hobbies;1
57;Cutting for Stone;Abraham Verghese;4,6;4 866;11;01/01/2010;Fiction;Literature & Fiction;Genre Fiction;1
58;Cutting for Stone;Abraham Verghese;4,6;4 866;11;01/01/2011;Fiction;Literature & Fiction;Genre Fiction;1
59;Daring Greatly: How the Courage to Be Vulnerable Transforms the Way We Live, Love, Parent, and Lead;Brene? Brown;4,8;1 329;10;01/01/2013;Non Fiction;Self-Help;Relationships;1
60;David and Goliath: Underdogs, Misfits, and the Art of Battling Giants;Malcolm Gladwell;4,4;4 642;13;01/01/2013;Non Fiction;Business & Money;Business Culture;1
61;Dead And Gone: A Sookie Stackhouse Novel (Sookie Stackhouse/True Blood);Charlaine Harris;4,6;1 541;4;01/01/2009;Fiction;Mystery, Thriller & Suspense;Mystery;1
62;Dead in the Family (Sookie Stackhouse/True Blood, Book 10);Charlaine Harris;4,3;1 924;8;01/01/2010;Fiction;Fantasy;TV, Movie, Game Adaptations;1
63;Dead Reckoning (Sookie Stackhouse/True Blood, Book 11);Charlaine Harris;4,2;2 094;4;01/01/2011;Fiction;Fantasy;Contemporary;1
64;Dear Zoo: A Lift-the-Flap Book;Rod Campbell;4,8;10 922;5;01/01/2015;Fiction;Children's Books;Animals;1
65;Dear Zoo: A Lift-the-Flap Book;Rod Campbell;4,8;10 922;5;01/01/2016;Fiction;Children's Books;Animals;1
66;Dear Zoo: A Lift-the-Flap Book;Rod Campbell;4,8;10 922;5;01/01/2017;Fiction;Children's Books;Animals;1
67;Dear Zoo: A Lift-the-Flap Book;Rod Campbell;4,8;10 922;5;01/01/2018;Fiction;Children's Books;Animals;1
68;Decision Points;George W. Bush;4,6;2 137;17;01/01/2010;Non Fiction;Biographies & Memoirs;Leaders & Notable People;1
69;Delivering Happiness: A Path to Profits, Passion, and Purpose;Tony Hsieh;4,6;1 651;15;01/01/2010;Non Fiction;Business & Money;Business Culture;1
70;Diagnostic and Statistical Manual of Mental Disorders, 5th Edition: DSM-5;American Psychiatric Association;4,5;6 679;105;01/01/2013;Non Fiction;Health, Fitness & Dieting;Psychology & Counseling;1
71;Diagnostic and Statistical Manual of Mental Disorders, 5th Edition: DSM-5;American Psychiatric Association;4,5;6 679;105;01/01/2014;Non Fiction;Health, Fitness & Dieting;Psychology & Counseling;1
72;Diary of a Wimpy Kid: Hard Luck, Book 8;Jeff Kinney;4,8;6 812;0;01/01/2013;Fiction;Children's Books;Growing Up & Facts of Life;1
73;Diary of a Wimpy Kid: The Last Straw (Book 3);Jeff Kinney;4,8;3 837;15;01/01/2009;Fiction;Children's Books;Growing Up & Facts of Life;1
74;Diary of a Wimpy Kid: The Long Haul;Jeff Kinney;4,8;6 540;22;01/01/2014;Fiction;Children's Books;Growing Up & Facts of Life;1
75;Difficult Riddles For Smart Kids: 300 Difficult Riddles And Brain Teasers Families Will Love (Books for Smart Kids);M Prefontaine;4,6;7 955;5;01/01/2019;Non Fiction;Children's Books;Activities, Crafts & Games;1
76;Divergent;Veronica Roth;4,6;27 098;15;01/01/2013;Fiction;Teen & Young Adult;Literature & Fiction;1
77;Divergent;Veronica Roth;4,6;27 098;15;01/01/2014;Fiction;Teen & Young Adult;Literature & Fiction;1
78;Divergent / Insurgent;Veronica Roth;4,5;17 684;6;01/01/2014;Fiction;Teen & Young Adult;Literature & Fiction;1
79;Divine Soul Mind Body Healing and Transmission System: The Divine Way to Heal You, Humanity, Mother Earth, and All…;Zhi Gang Sha;4,6;37,00;6;01/01/2009;Non Fiction;Health, Fitness & Dieting;Alternative Medicine;1
80;Doctor Sleep: A Novel;Stephen King;4,7;15 845;13;01/01/2013;Fiction;Mystery, Thriller & Suspense;Thrillers & Suspense;1
81;Dog Days (Diary of a Wimpy Kid, Book 4) (Volume 4);Jeff Kinney;4,8;3 181;12;01/01/2009;Fiction;Children's Books;Growing Up & Facts of Life;1
82;Dog Man and Cat Kid: From the Creator of Captain Underpants (Dog Man #4);Dav Pilkey;4,9;5 062;6;01/01/2018;Fiction;Children's Books;Animals;1
83;Dog Man: A Tale of Two Kitties: From the Creator of Captain Underpants (Dog Man #3);Dav Pilkey;4,9;4 786;8;01/01/2017;Fiction;Children's Books;Animals;1
84;Dog Man: Brawl of the Wild: From the Creator of Captain Underpants (Dog Man #6);Dav Pilkey;4,9;7 235;4;01/01/2018;Fiction;Children's Books;Animals;1
85;Dog Man: Brawl of the Wild: From the Creator of Captain Underpants (Dog Man #6);Dav Pilkey;4,9;7 235;4;01/01/2019;Fiction;Children's Books;Animals;1
86;Dog Man: Fetch-22: From the Creator of Captain Underpants (Dog Man #8);Dav Pilkey;4,9;12 619;8;01/01/2019;Fiction;Children's Books;Animals;1
87;Dog Man: For Whom the Ball Rolls: From the Creator of Captain Underpants (Dog Man #7);Dav Pilkey;4,9;9 089;8;01/01/2019;Fiction;Children's Books;Animals;1
88;Dog Man: Lord of the Fleas: From the Creator of Captain Underpants (Dog Man #5);Dav Pilkey;4,9;5 470;6;01/01/2018;Fiction;Children's Books;Animals;1
89;Double Down (Diary of a Wimpy Kid #11);Jeff Kinney;4,8;5 118;20;01/01/2016;Fiction;Children's Books;Growing Up & Facts of Life;1
90;Dover Creative Haven Art Nouveau Animal Designs Coloring Book (Creative Haven Coloring Books);Marty Noble;4,6;2 134;5;01/01/2015;Non Fiction;Crafts, Hobbies & Home;Crafts & Hobbies;1
91;Drive: The Surprising Truth About What Motivates Us;Daniel H. Pink;4,5;2 525;16;01/01/2010;Non Fiction;Business & Money;Business Culture;1
92;Eat This Not That! Supermarket Survival Guide: The No-Diet Weight Loss Solution;David Zinczenko;4,5;720,00;1;01/01/2009;Non Fiction;Health, Fitness & Dieting;Diets & Weight Loss;1
93;Eat This, Not That! Thousands of Simple Food Swaps that Can Save You 10, 20, 30 Pounds--or More!;David Zinczenko;4,3;956,00;14;01/01/2009;Non Fiction;Health, Fitness & Dieting;Diets & Weight Loss;1
94;Eat to Live: The Amazing Nutrient-Rich Program for Fast and Sustained Weight Loss, Revised Edition;Joel Fuhrman MD;4,5;6 346;9;01/01/2011;Non Fiction;Health, Fitness & Dieting;Diets & Weight Loss;1
95;Eat to Live: The Amazing Nutrient-Rich Program for Fast and Sustained Weight Loss, Revised Edition;Joel Fuhrman MD;4,5;6 346;9;01/01/2012;Non Fiction;Health, Fitness & Dieting;Diets & Weight Loss;1
96;Eclipse (Twilight Sagas);Stephenie Meyer;4,7;5 505;7;01/01/2009;Fiction;Teen & Young Adult;Science Fiction & Fantasy;1
97;Eclipse (Twilight);Stephenie Meyer;4,7;5 505;18;01/01/2009;Fiction;Teen & Young Adult;Science Fiction & Fantasy;1
98;Educated: A Memoir;Tara Westover;4,7;28 729;15;01/01/2018;Non Fiction;Biographies & Memoirs;Leaders & Notable People;1
99;Educated: A Memoir;Tara Westover;4,7;28 729;15;01/01/2019;Non Fiction;Biographies & Memoirs;Leaders & Notable People;1
100;Enchanted Forest: An Inky Quest and Coloring book (Activity Books, Mindfulness and Meditation, Illustrated Floral Prints…;Johanna Basford;4,7;5 413;9;01/01/2015;Non Fiction;Crafts, Hobbies & Home;Crafts & Hobbies;1
101;Fahrenheit 451;Ray Bradbury;4,6;10 721;8;01/01/2016;Fiction;Politics & Social Sciences;Politics & Government;1
102;Fahrenheit 451;Ray Bradbury;4,6;10 721;8;01/01/2018;Fiction;Politics & Social Sciences;Politics & Government;1
103;Fantastic Beasts and Where to Find Them: The Original Screenplay (Harry Potter);J.K. Rowling;4,7;4 370;15;01/01/2016;Fiction;Children's Books;Arts, Music & Photography;1
104;Fear: Trump in the White House;Bob Woodward;4,4;6 042;2;01/01/2018;Non Fiction;Biographies & Memoirs;Leaders & Notable People;1
105;Fifty Shades Darker;E L James;4,4;23 631;7;01/01/2012;Fiction;Literature & Fiction;Women's Fiction;1
106;Fifty Shades Freed: Book Three of the Fifty Shades Trilogy (Fifty Shades of Grey Series) (English Edition);E L James;4,5;20 262;11;01/01/2012;Fiction;Literature & Fiction;Women's Fiction;1
107;Fifty Shades of Grey: Book One of the Fifty Shades Trilogy (Fifty Shades of Grey Series);E L James;3,8;47 265;14;01/01/2012;Fiction;Literature & Fiction;Women's Fiction;1
108;Fifty Shades of Grey: Book One of the Fifty Shades Trilogy (Fifty Shades of Grey Series);E L James;3,8;47 265;14;01/01/2013;Fiction;Literature & Fiction;Women's Fiction;1
109;Fifty Shades Trilogy (Fifty Shades of Grey / Fifty Shades Darker / Fifty Shades Freed);E L James;4,5;13 964;32;01/01/2012;Fiction;Literature & Fiction;Women's Fiction;1
110;Fire and Fury: Inside the Trump White House;Michael Wolff;4,2;13 677;6;01/01/2018;Non Fiction;Biographies & Memoirs;Leaders & Notable People;1
111;First 100 Words;Roger Priddy;4,7;17 323;4;01/01/2014;Non Fiction;Children's Books;Education & Reference;1
112;First 100 Words;Roger Priddy;4,7;17 323;4;01/01/2015;Non Fiction;Children's Books;Education & Reference;1
113;First 100 Words;Roger Priddy;4,7;17 323;4;01/01/2016;Non Fiction;Children's Books;Education & Reference;1
114;First 100 Words;Roger Priddy;4,7;17 323;4;01/01/2017;Non Fiction;Children's Books;Education & Reference;1
115;First 100 Words;Roger Priddy;4,7;17 323;4;01/01/2018;Non Fiction;Children's Books;Education & Reference;1
116;Food Rules: An Eater's Manual;Michael Pollan;4,4;1 555;9;01/01/2010;Non Fiction;Cookbooks, Food & Wine;Special Diet;1
117;Frozen (Little Golden Book);RH Disney;4,7;3 642;0;01/01/2014;Fiction;Children's Books;Growing Up & Facts of Life;1
118;Game Change: Obama and the Clintons, McCain and Palin, and the Race of a Lifetime;John Heilemann;4,4;1 215;9;01/01/2010;Non Fiction;Politics & Social Sciences;Politics & Government;1
119;Game of Thrones Boxed Set: A Game of Thrones/A Clash of Kings/A Storm of Swords/A Feast for Crows;George R.R. Martin;4,6;5 594;5;01/01/2011;Fiction;Literature & Fiction;Genre Fiction;1
120;Game of Thrones Boxed Set: A Game of Thrones/A Clash of Kings/A Storm of Swords/A Feast for Crows;George R.R. Martin;4,6;5 594;5;01/01/2012;Fiction;Literature & Fiction;Genre Fiction;1
121;Game of Thrones Boxed Set: A Game of Thrones/A Clash of Kings/A Storm of Swords/A Feast for Crows;George R.R. Martin;4,6;5 594;5;01/01/2013;Fiction;Literature & Fiction;Genre Fiction;1
122;George Washington's Sacred Fire;Peter A. Lillback;4,5;408,00;20;01/01/2010;Non Fiction;Biographies & Memoirs;Leaders & Notable People;1
123;George Washington's Secret Six: The Spy Ring That Saved the American Revolution;Brian Kilmeade;4,6;4 799;16;01/01/2013;Non Fiction;History;Americas;1
124;Giraffes Can't Dance;Giles Andreae;4,8;14 038;4;01/01/2015;Fiction;Children's Books;Arts, Music & Photography;1
125;Giraffes Can't Dance;Giles Andreae;4,8;14 038;4;01/01/2016;Fiction;Children's Books;Arts, Music & Photography;1
126;Giraffes Can't Dance;Giles Andreae;4,8;14 038;4;01/01/2017;Fiction;Children's Books;Arts, Music & Photography;1
127;Giraffes Can't Dance;Giles Andreae;4,8;14 038;4;01/01/2018;Fiction;Children's Books;Arts, Music & Photography;1
128;Giraffes Can't Dance;Giles Andreae;4,8;14 038;4;01/01/2019;Fiction;Children's Books;Arts, Music & Photography;1
129;Girl, Stop Apologizing: A Shame-Free Plan for Embracing and Achieving Your Goals;Rachel Hollis;4,6;7 660;12;01/01/2019;Non Fiction;Business & Money;Business Culture;1
130;Girl, Wash Your Face: Stop Believing the Lies About Who You Are So You Can Become Who You Were Meant to Be;Rachel Hollis;4,6;22 288;12;01/01/2018;Non Fiction;Christian Books & Bibles;Christian Living;1
131;Girl, Wash Your Face: Stop Believing the Lies About Who You Are So You Can Become Who You Were Meant to Be;Rachel Hollis;4,6;22 288;12;01/01/2019;Non Fiction;Christian Books & Bibles;Christian Living;1
132;Glenn Beck's Common Sense: The Case Against an Out-of-Control Government, Inspired by Thomas Paine;Glenn Beck;4,6;1 365;11;01/01/2009;Non Fiction;History;Americas;1
133;Go Set a Watchman: A Novel;Harper Lee;3,6;14 982;19;01/01/2015;Fiction;Literature & Fiction;Genre Fiction;1
134;Go the F**k to Sleep;Adam Mansbach;4,8;9 568;9;01/01/2011;Fiction;Humor & Entertainment;Humor;1
135;Going Rogue: An American Life;Sarah Palin;4,6;1 636;6;01/01/2009;Non Fiction;History;Americas;1
136;Gone Girl;Gillian Flynn;4;57 271;10;01/01/2012;Fiction;Mystery, Thriller & Suspense;Thrillers & Suspense;1
137;Gone Girl;Gillian Flynn;4;57 271;10;01/01/2013;Fiction;Mystery, Thriller & Suspense;Thrillers & Suspense;1
138;Gone Girl;Gillian Flynn;4;57 271;9;01/01/2014;Fiction;Mystery, Thriller & Suspense;Thrillers & Suspense;1
139;Good Days Start With Gratitude: A 52 Week Guide To Cultivate An Attitude Of Gratitude: Gratitude Journal;Pretty Simple Press;4,6;10 141;6;01/01/2019;Non Fiction;Self-Help;Creativity;1
140;Good to Great: Why Some Companies Make the Leap and Others Don't;Jim Collins;4,5;3 457;14;01/01/2009;Non Fiction;Business & Money;Biography & History;1
141;Good to Great: Why Some Companies Make the Leap and Others Don't;Jim Collins;4,5;3 457;14;01/01/2010;Non Fiction;Business & Money;Biography & History;1
142;Good to Great: Why Some Companies Make the Leap and Others Don't;Jim Collins;4,5;3 457;14;01/01/2011;Non Fiction;Business & Money;Biography & History;1
143;Good to Great: Why Some Companies Make the Leap and Others Don't;Jim Collins;4,5;3 457;14;01/01/2012;Non Fiction;Business & Money;Biography & History;1
144;Goodnight Moon;Margaret Wise Brown;4,8;8 837;5;01/01/2017;Fiction;Children's Books;Animals;1
145;Goodnight Moon;Margaret Wise Brown;4,8;8 837;5;01/01/2018;Fiction;Children's Books;Animals;1
146;Goodnight Moon;Margaret Wise Brown;4,8;8 837;5;01/01/2019;Fiction;Children's Books;Animals;1
147;Goodnight, Goodnight Construction Site (Hardcover Books for Toddlers, Preschool Books for Kids);Sherri Duskey Rinker;4,9;7 038;7;01/01/2012;Fiction;Children's Books;Growing Up & Facts of Life;1
148;Goodnight, Goodnight Construction Site (Hardcover Books for Toddlers, Preschool Books for Kids);Sherri Duskey Rinker;4,9;7 038;7;01/01/2013;Fiction;Children's Books;Growing Up & Facts of Life;1
149;Grain Brain: The Surprising Truth about Wheat, Carbs, and Sugar--Your Brain's Silent Killers;David Perlmutter MD;4,6;5 972;10;01/01/2014;Non Fiction;Health, Fitness & Dieting;Diets & Weight Loss;1
150;Grey: Fifty Shades of Grey as Told by Christian (Fifty Shades of Grey Series);E L James;4,4;25 624;14;01/01/2015;Fiction;Literature & Fiction;Women's Fiction;1
151;Guts;Raina Telgemeier;4,8;5 476;7;01/01/2019;Non Fiction;Children's Books;Growing Up & Facts of Life;1
152;Hamilton: The Revolution;Lin-Manuel Miranda;4,9;5 867;54;01/01/2016;Non Fiction;Arts & Photography;Performing Arts;1
153;Happy, Happy, Happy: My Life and Legacy as the Duck Commander;Phil Robertson;4,8;4 148;11;01/01/2013;Non Fiction;Biographies & Memoirs;Leaders & Notable People;1
154;Harry Potter and the Chamber of Secrets: The Illustrated Edition (Harry Potter, Book 2);J.K. Rowling;4,9;19 622;30;01/01/2016;Fiction;Children's Books;Growing Up & Facts of Life;1
155;Harry Potter and the Cursed Child, Parts 1 & 2, Special Rehearsal Edition Script;J.K. Rowling;4;23 973;12;01/01/2016;Fiction;Children's Books;Growing Up & Facts of Life;1
156;Harry Potter and the Goblet of Fire: The Illustrated Edition (Harry Potter, Book 4) (4);J. K. Rowling;4,9;7 758;18;01/01/2019;Fiction;Children's Books;Growing Up & Facts of Life;1
157;Harry Potter and the Prisoner of Azkaban: The Illustrated Edition (Harry Potter, Book 3);J.K. Rowling;4,9;3 146;30;01/01/2017;Fiction;Children's Books;Growing Up & Facts of Life;1
158;Harry Potter and the Sorcerer's Stone: The Illustrated Edition (Harry Potter, Book 1);J.K. Rowling;4,9;10 052;22;01/01/2016;Fiction;Children's Books;Growing Up & Facts of Life;1
159;Harry Potter Coloring Book;Scholastic;4,7;3 564;9;01/01/2015;Non Fiction;Children's Books;Growing Up & Facts of Life;1
160;Harry Potter Paperback Box Set (Books 1-7);J.K. Rowling;4,8;13 471;52;01/01/2016;Fiction;Children's Books;Growing Up & Facts of Life;1
161;Have a Little Faith: A True Story;Mitch Albom;4,8;1 930;4;01/01/2009;Non Fiction;Christian Books & Bibles;Christian Living;1
162;Heaven is for Real: A Little Boy's Astounding Story of His Trip to Heaven and Back;Todd Burpo;4,7;15 779;10;01/01/2011;Non Fiction;Self-Help;Relationships;1
163;Heaven is for Real: A Little Boy's Astounding Story of His Trip to Heaven and Back;Todd Burpo;4,7;15 779;10;01/01/2012;Non Fiction;Self-Help;Relationships;1
164;Hillbilly Elegy: A Memoir of a Family and Culture in Crisis;J. D. Vance;4,4;15 526;14;01/01/2016;Non Fiction;Politics & Social Sciences;Social Sciences;1
165;Hillbilly Elegy: A Memoir of a Family and Culture in Crisis;J. D. Vance;4,4;15 526;14;01/01/2017;Non Fiction;Politics & Social Sciences;Social Sciences;1
166;Homebody: A Guide to Creating Spaces You Never Want to Leave;Joanna Gaines;4,8;3 776;22;01/01/2018;Non Fiction;Crafts, Hobbies & Home;Home Improvement & Design;1
167;How to Win Friends & Influence People;Dale Carnegie;4,7;25 001;11;01/01/2014;Non Fiction;Self-Help;Relationships;1
168;How to Win Friends & Influence People;Dale Carnegie;4,7;25 001;11;01/01/2015;Non Fiction;Self-Help;Relationships;1
169;How to Win Friends & Influence People;Dale Carnegie;4,7;25 001;11;01/01/2016;Non Fiction;Self-Help;Relationships;1
170;How to Win Friends & Influence People;Dale Carnegie;4,7;25 001;11;01/01/2017;Non Fiction;Self-Help;Relationships;1
171;How to Win Friends & Influence People;Dale Carnegie;4,7;25 001;11;01/01/2018;Non Fiction;Self-Help;Relationships;1
172;Howard Stern Comes Again;Howard Stern;4,3;5 272;16;01/01/2019;Non Fiction;Biographies & Memoirs;Arts & Literature;1
173;Humans of New York;Brandon Stanton;4,8;3 490;15;01/01/2013;Non Fiction;Arts & Photography;Photography & Video;1
174;Humans of New York;Brandon Stanton;4,8;3 490;15;01/01/2014;Non Fiction;Arts & Photography;Photography & Video;1
175;Humans of New York : Stories;Brandon Stanton;4,9;2 812;17;01/01/2015;Non Fiction;Arts & Photography;Photography & Video;1
176;Hyperbole and a Half: Unfortunate Situations, Flawed Coping Mechanisms, Mayhem, and Other Things That Happened;Allie Brosh;4,7;4 896;17;01/01/2013;Non Fiction;Comics & Graphic Novels;Graphic Novels;1
177;I Am Confident, Brave & Beautiful: A Coloring Book for Girls;Hopscotch Girls;4,8;9 737;7;01/01/2019;Non Fiction;Children's Books;Growing Up & Facts of Life;1
178;I, Alex Cross;James Patterson;4,6;1 320;7;01/01/2009;Fiction;Mystery, Thriller & Suspense;Thrillers & Suspense;1
179;If Animals Kissed Good Night;Ann Whitford Paul;4,8;16 643;4;01/01/2017;Fiction;Children's Books;Growing Up & Facts of Life;1
180;If Animals Kissed Good Night;Ann Whitford Paul;4,8;16 643;4;01/01/2019;Fiction;Children's Books;Growing Up & Facts of Life;1
181;If I Stay;Gayle Forman;4,3;7 153;9;01/01/2014;Fiction;Children's Books;Arts, Music & Photography;1
182;In the Garden of Beasts: Love, Terror, and an American Family in Hitler's Berlin;Eric Larson;4,4;4 571;21;01/01/2011;Non Fiction;Biographies & Memoirs;Historical;1
183;Inferno;Dan Brown;4,1;29 651;14;01/01/2013;Fiction;Literature & Fiction;Action & Adventure;1
184;Inheritance: Book IV (Inheritance Cycle);Christopher Paolini;4,6;5 299;20;01/01/2011;Fiction;Teen & Young Adult;Literature & Fiction;1
185;Instant Pot Pressure Cooker Cookbook: 500 Everyday Recipes for Beginners and Advanced Users. Try Easy and Healthy…;Jennifer Smith;4,4;7 396;13;01/01/2019;Non Fiction;Cookbooks, Food & Wine;Regional & International;1
186;Instant Pot Pressure Cooker Cookbook: 500 Everyday Recipes for Beginners and Advanced Users. Try Easy and Healthy…;Jennifer Smith;4,4;7 396;13;01/01/2018;Non Fiction;Cookbooks, Food & Wine;Regional & International;1
187;It's Not Supposed to Be This Way: Finding Unexpected Strength When Disappointments Leave You Shattered;Lysa TerKeurst;4,8;7 062;12;01/01/2019;Non Fiction;Christian Books & Bibles;Bible Study & Reference;1
188;Jesus Calling: Enjoying Peace in His Presence (with Scripture References);Sarah Young;4,9;19 576;8;01/01/2011;Non Fiction;Religion & Spirituality;Worship & Devotion;1
189;Jesus Calling: Enjoying Peace in His Presence (with Scripture References);Sarah Young;4,9;19 576;8;01/01/2012;Non Fiction;Religion & Spirituality;Worship & Devotion;1
190;Jesus Calling: Enjoying Peace in His Presence (with Scripture References);Sarah Young;4,9;19 576;8;01/01/2013;Non Fiction;Religion & Spirituality;Worship & Devotion;1
191;Jesus Calling: Enjoying Peace in His Presence (with Scripture References);Sarah Young;4,9;19 576;8;01/01/2014;Non Fiction;Religion & Spirituality;Worship & Devotion;1
192;Jesus Calling: Enjoying Peace in His Presence (with Scripture References);Sarah Young;4,9;19 576;8;01/01/2015;Non Fiction;Religion & Spirituality;Worship & Devotion;1
193;Jesus Calling: Enjoying Peace in His Presence (with Scripture References);Sarah Young;4,9;19 576;8;01/01/2016;Non Fiction;Religion & Spirituality;Worship & Devotion;1
194;JOURNEY TO THE ICE P;RH Disney;4,6;978,00;0;01/01/2014;Fiction;Children's Books;Growing Up & Facts of Life;1
195;Joyland (Hard Case Crime);Stephen King;4,5;4 748;12;01/01/2013;Fiction;Literature & Fiction;Genre Fiction;1
196;Killers of the Flower Moon: The Osage Murders and the Birth of the FBI;David Grann;4,6;8 393;17;01/01/2017;Non Fiction;History;Americas;1
197;Killing Jesus (Bill O'Reilly's Killing Series);Bill O'Reilly;4,5;11 391;12;01/01/2013;Non Fiction;History;World;1
198;Killing Kennedy: The End of Camelot;Bill O'Reilly;4,6;8 634;25;01/01/2012;Non Fiction;Biographies & Memoirs;Leaders & Notable People;1
199;Killing Lincoln: The Shocking Assassination that Changed America Forever (Bill O'Reilly's Killing Series);Bill O'Reilly;4,7;9 342;10;01/01/2011;Non Fiction;History;Americas;1
200;Killing Lincoln: The Shocking Assassination that Changed America Forever (Bill O'Reilly's Killing Series);Bill O'Reilly;4,7;9 342;10;01/01/2012;Non Fiction;History;Americas;1
201;Killing Patton: The Strange Death of World War II's Most Audacious General (Bill O'Reilly's Killing Series);Bill O'Reilly;4,6;10 927;6;01/01/2014;Non Fiction;Biographies & Memoirs;Leaders & Notable People;1
202;Killing Reagan: The Violent Assault That Changed a Presidency (Bill O'Reilly's Killing Series);Bill O'Reilly;4,6;5 235;5;01/01/2015;Non Fiction;Biographies & Memoirs;Leaders & Notable People;1
203;Killing the Rising Sun: How America Vanquished World War II Japan (Bill O'Reilly's Killing Series);Bill O'Reilly;4,8;8 916;6;01/01/2016;Non Fiction;Biographies & Memoirs;Leaders & Notable People;1
204;Kitchen Confidential Updated Edition: Adventures in the Culinary Underbelly (P.S.);Anthony Bourdain;4,8;2 507;8;01/01/2018;Non Fiction;Cookbooks, Food & Wine;Beverages & Wine;1
205;Knock-Knock Jokes for Kids;Rob Elliott;4,5;3 673;4;01/01/2013;Non Fiction;Children's Books;Humor;1
206;Knock-Knock Jokes for Kids;Rob Elliott;4,5;3 673;4;01/01/2014;Non Fiction;Children's Books;Humor;1
207;Knock-Knock Jokes for Kids;Rob Elliott;4,5;3 673;4;01/01/2015;Non Fiction;Children's Books;Humor;1
208;Last Week Tonight with John Oliver Presents A Day in the Life of Marlon Bundo (Better Bundo Book, LGBT Children’s Book);Jill Twiss;4,9;11 881;13;01/01/2018;Fiction;Children's Books;Growing Up & Facts of Life;1
209;Laugh-Out-Loud Jokes for Kids;Rob Elliott;4,6;6 990;4;01/01/2013;Non Fiction;Children's Books;Humor;1
210;Laugh-Out-Loud Jokes for Kids;Rob Elliott;4,6;6 990;4;01/01/2014;Non Fiction;Children's Books;Humor;1
211;Laugh-Out-Loud Jokes for Kids;Rob Elliott;4,6;6 990;4;01/01/2015;Non Fiction;Children's Books;Humor;1
212;Laugh-Out-Loud Jokes for Kids;Rob Elliott;4,6;6 990;4;01/01/2016;Non Fiction;Children's Books;Humor;1
213;Laugh-Out-Loud Jokes for Kids;Rob Elliott;4,6;6 990;4;01/01/2017;Non Fiction;Children's Books;Humor;1
214;Lean In: Women, Work, and the Will to Lead;Sheryl Sandberg;4,5;6 132;13;01/01/2013;Non Fiction;Biographies & Memoirs;Professionals & Academics;1
215;Leonardo da Vinci;Walter Isaacson;4,5;3 014;21;01/01/2017;Non Fiction;Biographies & Memoirs;Historical;1
216;Lettering and Modern Calligraphy: A Beginner's Guide: Learn Hand Lettering and Brush Lettering;Paper Peony Press;4,4;7 550;6;01/01/2018;Non Fiction;Arts & Photography;Graphic Design;1
217;Liberty and Tyranny: A Conservative Manifesto;Mark R. Levin;4,8;3 828;15;01/01/2009;Non Fiction;History;Americas;1
218;Life;Keith Richards;4,5;2 752;18;01/01/2010;Non Fiction;Arts & Photography;Music;1
219;Little Bee: A Novel;Chris Cleave;4,1;1 467;10;01/01/2010;Fiction;Literature & Fiction;Genre Fiction;1
220;Little Blue Truck;Alice Schertle;4,9;1 884;0;01/01/2014;Fiction;Children's Books;Animals;1
221;Little Fires Everywhere;Celeste Ng;4,5;25 706;12;01/01/2018;Fiction;Literature & Fiction;Genre Fiction;1
222;Looking for Alaska;John Green;4,5;8 491;7;01/01/2014;Fiction;Teen & Young Adult;Literature & Fiction;1
223;Love Wins: A Book About Heaven, Hell, and the Fate of Every Person Who Ever Lived;Rob Bell;4,2;1 649;13;01/01/2011;Non Fiction;Christian Books & Bibles;Christian Living;1
224;Love You Forever;Robert Munsch;4,8;18 613;5;01/01/2014;Fiction;Children's Books;Classics;1
225;Love You Forever;Robert Munsch;4,8;18 613;5;01/01/2015;Fiction;Children's Books;Classics;1
226;Magnolia Table: A Collection of Recipes for Gathering;Joanna Gaines;4,8;9 867;16;01/01/2018;Non Fiction;Cookbooks, Food & Wine;Regional & International;1
227;Make It Ahead: A Barefoot Contessa Cookbook;Ina Garten;4,5;1 386;20;01/01/2014;Non Fiction;Cookbooks, Food & Wine;Regional & International;1
228;Make Your Bed: Little Things That Can Change Your Life...And Maybe the World;Admiral William H. McRaven;4,7;10 199;11;01/01/2017;Non Fiction;Self-Help;Happiness;1
229;Mastering the Art of French Cooking, Vol. 2;Julia Child;4,8;2 926;27;01/01/2009;Non Fiction;Cookbooks, Food & Wine;Regional & International;1
230;Milk and Honey;Rupi Kaur;4,7;17 739;8;01/01/2016;Non Fiction;Literature & Fiction;Poetry;1
231;Milk and Honey;Rupi Kaur;4,7;17 739;8;01/01/2017;Non Fiction;Literature & Fiction;Poetry;1
232;Milk and Honey;Rupi Kaur;4,7;17 739;8;01/01/2018;Non Fiction;Literature & Fiction;Poetry;1
233;Milk and Vine: Inspirational Quotes From Classic Vines;Adam Gasiewski;4,4;3 113;6;01/01/2017;Non Fiction;Literature & Fiction;Poetry;1
234;Mindset: The New Psychology of Success;Carol S. Dweck;4,6;5 542;10;01/01/2014;Non Fiction;Health, Fitness & Dieting;Psychology & Counseling;1
235;Mindset: The New Psychology of Success;Carol S. Dweck;4,6;5 542;10;01/01/2015;Non Fiction;Health, Fitness & Dieting;Psychology & Counseling;1
236;Mindset: The New Psychology of Success;Carol S. Dweck;4,6;5 542;10;01/01/2016;Non Fiction;Health, Fitness & Dieting;Psychology & Counseling;1
237;Mockingjay (The Hunger Games);Suzanne Collins;4,5;26 741;8;01/01/2010;Fiction;Teen & Young Adult;Literature & Fiction;1
238;Mockingjay (The Hunger Games);Suzanne Collins;4,5;26 741;8;01/01/2011;Fiction;Teen & Young Adult;Literature & Fiction;1
239;Mockingjay (The Hunger Games);Suzanne Collins;4,5;26 741;8;01/01/2012;Fiction;Teen & Young Adult;Literature & Fiction;1
240;National Geographic Kids Why?: Over 1,111 Answers to Everything;Crispin Boyer;4,8;5 347;16;01/01/2019;Non Fiction;Children's Books;Science, Nature & How It Works;1
241;National Geographic Little Kids First Big Book of Why (National Geographic Little Kids First Big Books);Amy Shields;4,8;7 866;11;01/01/2019;Non Fiction;Children's Books;Education & Reference;1
242;New Moon (The Twilight Saga);Stephenie Meyer;4,6;5 680;10;01/01/2009;Fiction;Teen & Young Adult;Science Fiction & Fantasy;1
243;Night (Night);Elie Wiesel;4,7;5 178;9;01/01/2016;Non Fiction;History;World;1
244;No Easy Day: The Autobiography of a Navy Seal: The Firsthand Account of the Mission That Killed Osama Bin Laden;Mark Owen;4,6;8 093;14;01/01/2012;Non Fiction;Biographies & Memoirs;Leaders & Notable People;1
245;Obama: An Intimate Portrait;Pete Souza;4,9;3 192;22;01/01/2017;Non Fiction;Arts & Photography;Photography & Video;1
246;Oh, the Places You'll Go!;Dr. Seuss;4,9;21 834;8;01/01/2012;Fiction;Children's Books;Education & Reference;1
247;Oh, the Places You'll Go!;Dr. Seuss;4,9;21 834;8;01/01/2013;Fiction;Children's Books;Education & Reference;1
248;Oh, the Places You'll Go!;Dr. Seuss;4,9;21 834;8;01/01/2014;Fiction;Children's Books;Education & Reference;1
249;Oh, the Places You'll Go!;Dr. Seuss;4,9;21 834;8;01/01/2015;Fiction;Children's Books;Education & Reference;1
250;Oh, the Places You'll Go!;Dr. Seuss;4,9;21 834;8;01/01/2016;Fiction;Children's Books;Education & Reference;1
251;Oh, the Places You'll Go!;Dr. Seuss;4,9;21 834;8;01/01/2017;Fiction;Children's Books;Education & Reference;1
252;Oh, the Places You'll Go!;Dr. Seuss;4,9;21 834;8;01/01/2018;Fiction;Children's Books;Education & Reference;1
253;Oh, the Places You'll Go!;Dr. Seuss;4,9;21 834;8;01/01/2019;Fiction;Children's Books;Education & Reference;1
254;Old School (Diary of a Wimpy Kid #10);Jeff Kinney;4,8;6 169;7;01/01/2015;Fiction;Children's Books;Growing Up & Facts of Life;1
255;Olive Kitteridge;Elizabeth Strout;4,2;4 519;12;01/01/2009;Fiction;Literature & Fiction;Genre Fiction;1
256;One Thousand Gifts: A Dare to Live Fully Right Where You Are;Ann Voskamp;4,6;3 163;13;01/01/2011;Non Fiction;Christian Books & Bibles;Christian Living;1
257;One Thousand Gifts: A Dare to Live Fully Right Where You Are;Ann Voskamp;4,6;3 163;13;01/01/2012;Non Fiction;Christian Books & Bibles;Christian Living;1
258;Option B: Facing Adversity, Building Resilience, and Finding Joy;Sheryl Sandberg;4,5;1 831;9;01/01/2017;Non Fiction;Self-Help;Death & Grief;1
259;Origin: A Novel (Robert Langdon);Dan Brown;4,3;18 904;13;01/01/2017;Fiction;Literature & Fiction;Action & Adventure;1
260;Orphan Train;Christina Baker Kline;4,6;21 930;11;01/01/2014;Fiction;Literature & Fiction;Literary;1
261;Outliers: The Story of Success;Malcolm Gladwell;4,6;10 426;20;01/01/2009;Non Fiction;Business & Money;Management & Leadership;1
262;Outliers: The Story of Success;Malcolm Gladwell;4,6;10 426;20;01/01/2010;Non Fiction;Business & Money;Management & Leadership;1
263;P is for Potty! (Sesame Street) (Lift-the-Flap);Naomi Kleinberg;4,7;10 820;5;01/01/2018;Non Fiction;Children's Books;Growing Up & Facts of Life;1
264;P is for Potty! (Sesame Street) (Lift-the-Flap);Naomi Kleinberg;4,7;10 820;5;01/01/2019;Non Fiction;Children's Books;Growing Up & Facts of Life;1
265;Percy Jackson and the Olympians Paperback Boxed Set (Books 1-3);Rick Riordan;4,8;548,00;2;01/01/2010;Fiction;Teen & Young Adult;Science Fiction & Fantasy;1
266;Player's Handbook (Dungeons & Dragons);Wizards RPG Team;4,8;16 990;27;01/01/2017;Fiction;Humor & Entertainment;Puzzles &  Games;1
267;Player's Handbook (Dungeons & Dragons);Wizards RPG Team;4,8;16 990;27;01/01/2018;Fiction;Humor & Entertainment;Puzzles &  Games;1
268;Player's Handbook (Dungeons & Dragons);Wizards RPG Team;4,8;16 990;27;01/01/2019;Fiction;Humor & Entertainment;Puzzles &  Games;1
269;Pokémon Deluxe Essential Handbook: The Need-to-Know Stats and Facts on Over 700 Pokémon;Scholastic;4,7;3 503;9;01/01/2016;Fiction;Children's Books;Activities, Crafts & Games;1
270;Proof of Heaven: A Neurosurgeon's Journey into the Afterlife;Eben Alexander;4,3;13 616;10;01/01/2012;Non Fiction;Medical Books;Medicine;1
271;Proof of Heaven: A Neurosurgeon's Journey into the Afterlife;Eben Alexander;4,3;13 616;10;01/01/2013;Non Fiction;Medical Books;Medicine;1
272;Publication Manual of the American Psychological Association, 6th Edition;American Psychological Association;4,5;8 580;46;01/01/2009;Non Fiction;New, Used & Rental Textbooks;Social Sciences;1
273;Publication Manual of the American Psychological Association, 6th Edition;American Psychological Association;4,5;8 580;46;01/01/2010;Non Fiction;New, Used & Rental Textbooks;Social Sciences;1
274;Publication Manual of the American Psychological Association, 6th Edition;American Psychological Association;4,5;8 580;46;01/01/2011;Non Fiction;New, Used & Rental Textbooks;Social Sciences;1
275;Publication Manual of the American Psychological Association, 6th Edition;American Psychological Association;4,5;8 580;46;01/01/2012;Non Fiction;New, Used & Rental Textbooks;Social Sciences;1
276;Publication Manual of the American Psychological Association, 6th Edition;American Psychological Association;4,5;8 580;46;01/01/2013;Non Fiction;New, Used & Rental Textbooks;Social Sciences;1
277;Publication Manual of the American Psychological Association, 6th Edition;American Psychological Association;4,5;8 580;46;01/01/2014;Non Fiction;New, Used & Rental Textbooks;Social Sciences;1
278;Publication Manual of the American Psychological Association, 6th Edition;American Psychological Association;4,5;8 580;46;01/01/2015;Non Fiction;New, Used & Rental Textbooks;Social Sciences;1
279;Publication Manual of the American Psychological Association, 6th Edition;American Psychological Association;4,5;8 580;46;01/01/2016;Non Fiction;New, Used & Rental Textbooks;Social Sciences;1
280;Publication Manual of the American Psychological Association, 6th Edition;American Psychological Association;4,5;8 580;46;01/01/2017;Non Fiction;New, Used & Rental Textbooks;Social Sciences;1
281;Publication Manual of the American Psychological Association, 6th Edition;American Psychological Association;4,5;8 580;46;01/01/2018;Non Fiction;New, Used & Rental Textbooks;Social Sciences;1
282;Puppy Birthday to You! (Paw Patrol) (Little Golden Book);Golden Books;4,8;4 757;4;01/01/2017;Fiction;Children's Books;Animals;1
283;Quiet: The Power of Introverts in a World That Can't Stop Talking;Susan Cain;4,6;10 009;20;01/01/2012;Non Fiction;Self-Help;Relationships;1
284;Quiet: The Power of Introverts in a World That Can't Stop Talking;Susan Cain;4,6;10 009;7;01/01/2013;Non Fiction;Self-Help;Relationships;1
285;Radical: Taking Back Your Faith from the American Dream;David Platt;4,7;1 985;9;01/01/2010;Non Fiction;Christian Books & Bibles;Christian Living;1
286;Radical: Taking Back Your Faith from the American Dream;David Platt;4,7;1 985;9;01/01/2011;Non Fiction;Christian Books & Bibles;Christian Living;1
287;Ready Player One: A Novel;Ernest Cline;4,6;22 536;12;01/01/2017;Fiction;Humor & Entertainment;Humor;1
288;Ready Player One: A Novel;Ernest Cline;4,6;22 536;12;01/01/2018;Fiction;Humor & Entertainment;Humor;1
289;Rush Revere and the Brave Pilgrims: Time-Travel Adventures with Exceptional Americans (1);Rush Limbaugh;4,9;7 150;12;01/01/2013;Fiction;Children's Books;Literature & Fiction;1
290;Rush Revere and the First Patriots: Time-Travel Adventures With Exceptional Americans (2);Rush Limbaugh;4,9;3 836;12;01/01/2014;Fiction;Children's Books;Literature & Fiction;1
291;Salt, Fat, Acid, Heat: Mastering the Elements of Good Cooking;Samin Nosrat;4,8;7 802;20;01/01/2018;Non Fiction;Cookbooks, Food & Wine;Cooking Education & Reference;1
292;Salt, Fat, Acid, Heat: Mastering the Elements of Good Cooking;Samin Nosrat;4,8;7 802;20;01/01/2019;Non Fiction;Cookbooks, Food & Wine;Cooking Education & Reference;1
293;Sarah's Key;Tatiana de Rosnay;4,6;3 619;10;01/01/2010;Fiction;Literature & Fiction;Genre Fiction;1
294;School Zone - Big Preschool Workbook - Ages 4 and Up, Colors, Shapes, Numbers 1-10, Alphabet, Pre-Writing, Pre-Reading…;School Zone;4,8;23 047;6;01/01/2018;Non Fiction;Children's Books;Growing Up & Facts of Life;1
295;School Zone - Big Preschool Workbook - Ages 4 and Up, Colors, Shapes, Numbers 1-10, Alphabet, Pre-Writing, Pre-Reading…;School Zone;4,8;23 047;6;01/01/2019;Non Fiction;Children's Books;Growing Up & Facts of Life;1
296;Secret Garden: An Inky Treasure Hunt and Coloring Book (For Adults, mindfulness coloring);Johanna Basford;4,7;9 366;9;01/01/2015;Non Fiction;Arts & Photography;Graphic Design;1
297;Sh*t My Dad Says;Justin Halpern;4,7;1 265;11;01/01/2010;Non Fiction;Humor & Entertainment;Humor;1
298;Ship of Fools: How a Selfish Ruling Class Is Bringing America to the Brink of Revolution;Tucker Carlson;4,8;3 923;16;01/01/2018;Non Fiction;Politics & Social Sciences;Politics & Government;1
299;Shred: The Revolutionary Diet: 6 Weeks 4 Inches 2 Sizes;Ian K. Smith M.D.;4,1;2 272;6;01/01/2013;Non Fiction;Health, Fitness & Dieting;Diets & Weight Loss;1
300;Sookie Stackhouse;Charlaine Harris;4,7;973,00;25;01/01/2009;Fiction;Mystery, Thriller & Suspense;Mystery;1
301;Soul Healing Miracles: Ancient and New Sacred Wisdom, Knowledge, and Practical Techniques for Healing the Spiritual…;Zhi Gang Sha;4,6;220,00;17;01/01/2013;Non Fiction;Health, Fitness & Dieting;Alternative Medicine;1
302;Steve Jobs;Walter Isaacson;4,6;7 827;20;01/01/2011;Non Fiction;Biographies & Memoirs;Professionals & Academics;1
303;Steve Jobs;Walter Isaacson;4,6;7 827;20;01/01/2012;Non Fiction;Biographies & Memoirs;Professionals & Academics;1
304;Strange Planet (Strange Planet Series);Nathan W. Pyle;4,9;9 382;6;01/01/2019;Fiction;Humor & Entertainment;Humor;1
305;StrengthsFinder 2.0;Gallup;4;5 069;17;01/01/2009;Non Fiction;Business & Money;Management & Leadership;1
306;StrengthsFinder 2.0;Gallup;4;5 069;17;01/01/2010;Non Fiction;Business & Money;Management & Leadership;1
307;StrengthsFinder 2.0;Gallup;4;5 069;17;01/01/2011;Non Fiction;Business & Money;Management & Leadership;1
308;StrengthsFinder 2.0;Gallup;4;5 069;17;01/01/2012;Non Fiction;Business & Money;Management & Leadership;1
309;StrengthsFinder 2.0;Gallup;4;5 069;17;01/01/2013;Non Fiction;Business & Money;Management & Leadership;1
310;StrengthsFinder 2.0;Gallup;4;5 069;17;01/01/2014;Non Fiction;Business & Money;Management & Leadership;1
311;StrengthsFinder 2.0;Gallup;4;5 069;17;01/01/2015;Non Fiction;Business & Money;Management & Leadership;1
312;StrengthsFinder 2.0;Gallup;4;5 069;17;01/01/2016;Non Fiction;Business & Money;Management & Leadership;1
313;StrengthsFinder 2.0;Gallup;4;5 069;17;01/01/2017;Non Fiction;Business & Money;Management & Leadership;1
314;Super Freakonomics: Global Cooling, Patriotic Prostitutes, and Why Suicide Bombers Should Buy Life Insurance;Steven D. Levitt;4,5;1 583;18;01/01/2009;Non Fiction;Business & Money;Economics;1
315;Switch: How to Change Things When Change Is Hard;Chip Heath;4,6;1 907;13;01/01/2010;Non Fiction;Business & Money;Management & Leadership;1
316;Sycamore Row (Jake Brigance);John Grisham;4,5;23 114;18;01/01/2013;Fiction;Mystery, Thriller & Suspense;Thrillers & Suspense;1
317;Teach Like a Champion: 49 Techniques that Put Students on the Path to College;Doug Lemov;4,4;637,00;20;01/01/2010;Non Fiction;Education;Education & Reference;1
318;Teach Like a Champion: 49 Techniques that Put Students on the Path to College;Doug Lemov;4,4;637,00;20;01/01/2011;Non Fiction;Education;Education & Reference;1
319;The 17 Day Diet: A Doctor's Plan Designed for Rapid Results;Mike Moreno;4,3;2 314;22;01/01/2011;Non Fiction;Health, Fitness & Dieting;Diets & Weight Loss;1
320;The 4 Hour Body: An Uncommon Guide to Rapid Fat Loss, Incredible Sex and Becoming Superhuman;Timothy Ferriss;4,3;4 587;21;01/01/2011;Non Fiction;Crafts, Hobbies & Home;Home Improvement & Design;1
321;The 5 Love Languages: The Secret to Love That Lasts;Gary Chapman;4,7;3 477;28;01/01/2010;Non Fiction;Self-Help;Relationships;1
322;The 5 Love Languages: The Secret to Love That Lasts;Gary Chapman;4,7;3 477;28;01/01/2011;Non Fiction;Self-Help;Relationships;1
323;The 5 Love Languages: The Secret to Love That Lasts;Gary Chapman;4,7;3 477;28;01/01/2012;Non Fiction;Self-Help;Relationships;1
324;The 5 Love Languages: The Secret to Love That Lasts;Gary Chapman;4,7;3 477;28;01/01/2013;Non Fiction;Self-Help;Relationships;1
325;The 5 Love Languages: The Secret to Love That Lasts;Gary Chapman;4,7;3 477;28;01/01/2014;Non Fiction;Self-Help;Relationships;1
326;The 5 Love Languages: The Secret to Love that Lasts;Gary Chapman;4,8;25 554;8;01/01/2015;Non Fiction;Self-Help;Relationships;1
327;The 5 Love Languages: The Secret to Love that Lasts;Gary Chapman;4,8;25 554;8;01/01/2016;Non Fiction;Self-Help;Relationships;1
328;The 5 Love Languages: The Secret to Love that Lasts;Gary Chapman;4,8;25 554;8;01/01/2017;Non Fiction;Self-Help;Relationships;1
329;The 5 Love Languages: The Secret to Love that Lasts;Gary Chapman;4,8;25 554;8;01/01/2018;Non Fiction;Self-Help;Relationships;1
330;The 5 Love Languages: The Secret to Love that Lasts;Gary Chapman;4,8;25 554;8;01/01/2019;Non Fiction;Self-Help;Relationships;1
331;The 5000 Year Leap;W. Cleon Skousen;4,8;1 680;12;01/01/2009;Non Fiction;Politics & Social Sciences;Politics & Government;1
332;The 7 Habits of Highly Effective People: Powerful Lessons in Personal Change;Stephen R. Covey;4,6;9 325;24;01/01/2009;Non Fiction;Self-Help;Motivational;1
333;The 7 Habits of Highly Effective People: Powerful Lessons in Personal Change;Stephen R. Covey;4,6;9 325;24;01/01/2011;Non Fiction;Self-Help;Motivational;1
334;The 7 Habits of Highly Effective People: Powerful Lessons in Personal Change;Stephen R. Covey;4,6;9 325;24;01/01/2012;Non Fiction;Self-Help;Motivational;1
335;The 7 Habits of Highly Effective People: Powerful Lessons in Personal Change;Stephen R. Covey;4,6;9 325;24;01/01/2013;Non Fiction;Self-Help;Motivational;1
336;The 7 Habits of Highly Effective People: Powerful Lessons in Personal Change;Stephen R. Covey;4,7;4 725;16;01/01/2015;Non Fiction;Self-Help;Motivational;1
337;The 7 Habits of Highly Effective People: Powerful Lessons in Personal Change;Stephen R. Covey;4,7;4 725;16;01/01/2016;Non Fiction;Self-Help;Motivational;1
338;The 7 Habits of Highly Effective People: Powerful Lessons in Personal Change;Stephen R. Covey;4,7;4 725;16;01/01/2017;Non Fiction;Self-Help;Motivational;1
339;The Alchemist;Paulo Coelho;4,7;35 799;39;01/01/2014;Fiction;Literature & Fiction;Genre Fiction;1
340;The Amateur;Edward Klein;4,6;2 580;9;01/01/2012;Non Fiction;Politics & Social Sciences;Politics & Government;1
341;The Art of Racing in the Rain: A Novel;Garth Stein;4,7;11 813;10;01/01/2010;Fiction;Literature & Fiction;Genre Fiction;1
342;The Art of Racing in the Rain: A Novel;Garth Stein;4,7;11 813;10;01/01/2011;Fiction;Literature & Fiction;Genre Fiction;1
343;The Big Short: Inside the Doomsday Machine;Michael Lewis;4,7;3 536;17;01/01/2010;Non Fiction;Reference;Writing, Research & Publishing Guides;1
344;The Blood of Olympus (The Heroes of Olympus (5));Rick Riordan;4,8;6 600;11;01/01/2014;Fiction;Children's Books;Science Fiction & Fantasy;1
345;The Blood Sugar Solution: The UltraHealthy Program for Losing Weight, Preventing Disease, and Feeling Great Now!;Mark Hyman M.D.;4,2;1 789;14;01/01/2012;Non Fiction;Cookbooks, Food & Wine;Special Diet;1
346;The Body Keeps the Score: Brain, Mind, and Body in the Healing of Trauma;Bessel van der Kolk M.D.;4,8;12 361;12;01/01/2019;Non Fiction;Medical Books;Medicine;1
347;The Book of Basketball: The NBA According to The Sports Guy;Bill Simmons;4,7;858,00;53;01/01/2009;Non Fiction;Sports & Outdoors;Miscellaneous;1
348;The Book Thief;Markus Zusak;4,6;23 148;6;01/01/2013;Fiction;Children's Books;Growing Up & Facts of Life;1
349;The Book Thief;Markus Zusak;4,6;23 148;6;01/01/2014;Fiction;Children's Books;Growing Up & Facts of Life;1
350;The Book with No Pictures;B. J. Novak;4,8;8 081;8;01/01/2014;Fiction;Children's Books;Growing Up & Facts of Life;1
351;The Book with No Pictures;B. J. Novak;4,8;8 081;8;01/01/2015;Fiction;Children's Books;Growing Up & Facts of Life;1
352;The Boys in the Boat: Nine Americans and Their Epic Quest for Gold at the 1936 Berlin Olympics;Daniel James Brown;4,8;23 358;12;01/01/2014;Non Fiction;History;Americas;1
353;The Boys in the Boat: Nine Americans and Their Epic Quest for Gold at the 1936 Berlin Olympics;Daniel James Brown;4,8;23 358;12;01/01/2015;Non Fiction;History;Americas;1
354;The Casual Vacancy;J.K. Rowling;3,3;9 372;12;01/01/2012;Fiction;Humor & Entertainment;Humor;1
355;The China Study: The Most Comprehensive Study of Nutrition Ever Conducted And the Startling Implications for Diet…;Thomas Campbell;4,7;4 633;21;01/01/2011;Non Fiction;Health, Fitness & Dieting;Diets & Weight Loss;1
356;The Complete Ketogenic Diet for Beginners: Your Essential Guide to Living the Keto Lifestyle;Amy Ramos;4,3;13 061;6;01/01/2018;Non Fiction;Cookbooks, Food & Wine;Special Diet;1
357;The Complete Ketogenic Diet for Beginners: Your Essential Guide to Living the Keto Lifestyle;Amy Ramos;4,3;13 061;6;01/01/2019;Non Fiction;Cookbooks, Food & Wine;Special Diet;1
358;The Confession: A Novel;John Grisham;4,3;3 523;13;01/01/2010;Fiction;Mystery, Thriller & Suspense;Thrillers & Suspense;1
359;The Constitution of the United States;Delegates of the Constitutional…;4,8;2 774;0;01/01/2016;Non Fiction;History;Americas;1
360;The Daily Show with Jon Stewart Presents Earth (The Book): A Visitor's Guide to the Human Race;Jon Stewart;4,4;440,00;11;01/01/2010;Non Fiction;Humor & Entertainment;Humor;1
361;The Day the Crayons Quit;Drew Daywalt;4,8;8 922;9;01/01/2013;Fiction;Children's Books;Arts, Music & Photography;1
362;The Day the Crayons Quit;Drew Daywalt;4,8;8 922;9;01/01/2014;Fiction;Children's Books;Arts, Music & Photography;1
363;The Day the Crayons Quit;Drew Daywalt;4,8;8 922;9;01/01/2015;Fiction;Children's Books;Arts, Music & Photography;1
364;The Dukan Diet: 2 Steps to Lose the Weight, 2 Steps to Keep It Off Forever;Pierre Dukan;4,1;2 023;15;01/01/2011;Non Fiction;Children's Books;Arts, Music & Photography;1
365;The Elegance of the Hedgehog;Muriel Barbery;4;1 859;11;01/01/2009;Fiction;Health, Fitness & Dieting;Diets & Weight Loss;1
366;The Fault in Our Stars;John Green;4,7;50 482;13;01/01/2012;Fiction;Teen & Young Adult;Literature & Fiction;1
367;The Fault in Our Stars;John Green;4,7;50 482;13;01/01/2013;Fiction;Teen & Young Adult;Literature & Fiction;1
368;The Fault in Our Stars;John Green;4,7;50 482;7;01/01/2014;Fiction;Teen & Young Adult;Literature & Fiction;1
369;The Fault in Our Stars;John Green;4,7;50 482;13;01/01/2014;Fiction;Teen & Young Adult;Literature & Fiction;1
370;The Five Dysfunctions of a Team: A Leadership Fable;Patrick Lencioni;4,6;3 207;6;01/01/2009;Non Fiction;Business & Money;Management & Leadership;1
371;The Five Dysfunctions of a Team: A Leadership Fable;Patrick Lencioni;4,6;3 207;6;01/01/2010;Non Fiction;Business & Money;Management & Leadership;1
372;The Five Dysfunctions of a Team: A Leadership Fable;Patrick Lencioni;4,6;3 207;6;01/01/2011;Non Fiction;Business & Money;Management & Leadership;1
373;The Five Dysfunctions of a Team: A Leadership Fable;Patrick Lencioni;4,6;3 207;6;01/01/2012;Non Fiction;Business & Money;Management & Leadership;1
374;The Five Dysfunctions of a Team: A Leadership Fable;Patrick Lencioni;4,6;3 207;6;01/01/2013;Non Fiction;Business & Money;Management & Leadership;1
375;The Five Love Languages: How to Express Heartfelt Commitment to Your Mate;Gary Chapman;4,6;803,00;9;01/01/2009;Non Fiction;Self-Help;Relationships;1
376;The Four Agreements: A Practical Guide to Personal Freedom (A Toltec Wisdom Book);Don Miguel Ruiz;4,7;23 308;6;01/01/2013;Non Fiction;Self-Help;Personal Transformation;1
377;The Four Agreements: A Practical Guide to Personal Freedom (A Toltec Wisdom Book);Don Miguel Ruiz;4,7;23 308;6;01/01/2015;Non Fiction;Self-Help;Personal Transformation;1
378;The Four Agreements: A Practical Guide to Personal Freedom (A Toltec Wisdom Book);Don Miguel Ruiz;4,7;23 308;6;01/01/2016;Non Fiction;Self-Help;Personal Transformation;1
379;The Four Agreements: A Practical Guide to Personal Freedom (A Toltec Wisdom Book);Don Miguel Ruiz;4,7;23 308;6;01/01/2017;Non Fiction;Self-Help;Personal Transformation;1
380;The Four Agreements: A Practical Guide to Personal Freedom (A Toltec Wisdom Book);Don Miguel Ruiz;4,7;23 308;6;01/01/2018;Non Fiction;Self-Help;Personal Transformation;1
381;The Four Agreements: A Practical Guide to Personal Freedom (A Toltec Wisdom Book);Don Miguel Ruiz;4,7;23 308;6;01/01/2019;Non Fiction;Self-Help;Personal Transformation;1
382;The Getaway;Jeff Kinney;4,8;5 836;0;01/01/2017;Fiction;Children's Books;Growing Up & Facts of Life;1
383;The Girl on the Train;Paula Hawkins;4,1;79 446;18;01/01/2015;Fiction;Mystery, Thriller & Suspense;Thrillers & Suspense;1
384;The Girl on the Train;Paula Hawkins;4,1;79 446;7;01/01/2016;Fiction;Mystery, Thriller & Suspense;Thrillers & Suspense;1
385;The Girl Who Kicked the Hornet's Nest (Millennium Trilogy);Stieg Larsson;4,7;7 747;14;01/01/2010;Fiction;Mystery, Thriller & Suspense;Thrillers & Suspense;1
386;The Girl Who Kicked the Hornet's Nest (Millennium Trilogy);Stieg Larsson;4,7;7 747;14;01/01/2011;Fiction;Mystery, Thriller & Suspense;Thrillers & Suspense;1
387;The Girl Who Played with Fire (Millennium Series);Stieg Larsson;4,7;7 251;9;01/01/2010;Fiction;Mystery, Thriller & Suspense;Thrillers & Suspense;1
388;The Girl Who Played with Fire (Millennium);Stieg Larsson;4,7;7 251;16;01/01/2009;Fiction;Mystery, Thriller & Suspense;Thrillers & Suspense;1
389;The Girl with the Dragon Tattoo (Millennium Series);Stieg Larsson;4,4;10 559;2;01/01/2009;Fiction;Mystery, Thriller & Suspense;Thrillers & Suspense;1
390;The Girl with the Dragon Tattoo (Millennium Series);Stieg Larsson;4,4;10 559;2;01/01/2010;Fiction;Mystery, Thriller & Suspense;Thrillers & Suspense;1
391;The Going-To-Bed Book;Sandra Boynton;4,8;5 249;5;01/01/2016;Fiction;Children's Books;Humor;1
392;The Going-To-Bed Book;Sandra Boynton;4,8;5 249;5;01/01/2017;Fiction;Children's Books;Humor;1
393;The Goldfinch: A Novel (Pulitzer Prize for Fiction);Donna Tartt;3,9;33 844;20;01/01/2013;Fiction;LGBTQ+ Books;Literature & Fiction;1
394;The Goldfinch: A Novel (Pulitzer Prize for Fiction);Donna Tartt;3,9;33 844;20;01/01/2014;Fiction;LGBTQ+ Books;Literature & Fiction;1
395;The Great Gatsby;F. Scott Fitzgerald;4,4;11 616;7;01/01/2012;Fiction;Literature & Fiction;Genre Fiction;1
396;The Great Gatsby;F. Scott Fitzgerald;4,4;11 616;7;01/01/2013;Fiction;Literature & Fiction;Genre Fiction;1
397;The Great Gatsby;F. Scott Fitzgerald;4,4;11 616;7;01/01/2014;Fiction;Literature & Fiction;Genre Fiction;1
398;The Guardians: A Novel;John Grisham;4,5;13 609;14;01/01/2019;Fiction;Mystery, Thriller & Suspense;Thrillers & Suspense;1
399;The Guernsey Literary and Potato Peel Pie Society;Mary Ann Shaffer;4,7;8 587;10;01/01/2009;Fiction;Literature & Fiction;Genre Fiction;1
400;The Handmaid's Tale;Margaret Atwood;4,3;29 442;7;01/01/2017;Fiction;Literature & Fiction;Genre Fiction;1
401;The Harbinger: The Ancient Mystery that Holds the Secret of America's Future;Jonathan Cahn;4,6;11 098;13;01/01/2012;Fiction;Religion & Spirituality;Literature & Fiction;1
402;The Hate U Give;Angie Thomas;4,8;9 947;11;01/01/2018;Fiction;Teen & Young Adult;Literature & Fiction;1
403;The Help;Kathryn Stockett;4,8;13 871;6;01/01/2009;Fiction;Literature & Fiction;United States;1
404;The Help;Kathryn Stockett;4,8;13 871;6;01/01/2010;Fiction;Literature & Fiction;United States;1
405;The Help;Kathryn Stockett;4,8;13 871;8;01/01/2011;Fiction;Literature & Fiction;United States;1
406;The Help;Kathryn Stockett;4,8;13 871;7;01/01/2011;Fiction;Literature & Fiction;United States;1
407;The House of Hades (Heroes of Olympus, Book 4);Rick Riordan;4,8;6 982;14;01/01/2013;Fiction;Children's Books;Fairy Tales, Folk Tales & Myths;1
408;The Hunger Games;Suzanne Collins;4,7;32 122;14;01/01/2010;Fiction;Teen & Young Adult;Literature & Fiction;1
409;The Hunger Games (Book 1);Suzanne Collins;4,7;32 122;8;01/01/2011;Fiction;Teen & Young Adult;Literature & Fiction;1
410;The Hunger Games (Book 1);Suzanne Collins;4,7;32 122;8;01/01/2012;Fiction;Teen & Young Adult;Literature & Fiction;1
411;The Hunger Games Trilogy Boxed Set (1);Suzanne Collins;4,8;16 949;30;01/01/2011;Fiction;Teen & Young Adult;Literature & Fiction;1
412;The Hunger Games Trilogy Boxed Set (1);Suzanne Collins;4,8;16 949;30;01/01/2012;Fiction;Teen & Young Adult;Literature & Fiction;1
413;The Immortal Life of Henrietta Lacks;Rebecca Skloot;4,7;9 289;13;01/01/2010;Non Fiction;History;Americas;1
414;The Immortal Life of Henrietta Lacks;Rebecca Skloot;4,7;9 289;9;01/01/2011;Non Fiction;History;Americas;1
415;The Immortal Life of Henrietta Lacks;Rebecca Skloot;4,7;9 289;9;01/01/2012;Non Fiction;History;Americas;1
416;The Instant Pot Electric Pressure Cooker Cookbook: Easy Recipes for Fast & Healthy Meals;Laurel Randolph;4,3;7 368;7;01/01/2017;Non Fiction;Cookbooks, Food & Wine;Cooking by Ingredient;1
417;The Instant Pot Electric Pressure Cooker Cookbook: Easy Recipes for Fast & Healthy Meals;Laurel Randolph;4,3;7 368;7;01/01/2018;Non Fiction;Cookbooks, Food & Wine;Cooking by Ingredient;1
418;The Last Lecture;Randy Pausch;4,7;4 028;9;01/01/2009;Non Fiction;Biographies & Memoirs;Professionals & Academics;1
419;The Last Olympian (Percy Jackson and the Olympians, Book 5);Rick Riordan;4,8;4 628;7;01/01/2009;Fiction;Children's Books;Fairy Tales, Folk Tales & Myths;1
420;The Last Olympian (Percy Jackson and the Olympians, Book 5);Rick Riordan;4,8;4 628;7;01/01/2010;Fiction;Children's Books;Fairy Tales, Folk Tales & Myths;1
421;The Legend of Zelda: Hyrule Historia;Patrick Thorpe;4,9;5 396;20;01/01/2013;Fiction;Arts & Photography;Other Media;1
422;The Lego Ideas Book: Unlock Your Imagination;Daniel Lipkowitz;4,4;4 247;13;01/01/2011;Non Fiction;Children's Books;Activities, Crafts & Games;1
423;The Lego Ideas Book: Unlock Your Imagination;Daniel Lipkowitz;4,4;4 247;13;01/01/2012;Non Fiction;Children's Books;Activities, Crafts & Games;1
424;The Life-Changing Magic of Tidying Up: The Japanese Art of Decluttering and Organizing;Marie Kond?;4,5;22 641;11;01/01/2015;Non Fiction;Crafts, Hobbies & Home;Home Improvement & Design;1
425;The Life-Changing Magic of Tidying Up: The Japanese Art of Decluttering and Organizing;Marie Kond?;4,5;22 641;11;01/01/2016;Non Fiction;Crafts, Hobbies & Home;Home Improvement & Design;1
426;The Life-Changing Magic of Tidying Up: The Japanese Art of Decluttering and Organizing;Marie Kond?;4,5;22 641;11;01/01/2017;Non Fiction;Crafts, Hobbies & Home;Home Improvement & Design;1
427;The Life-Changing Magic of Tidying Up: The Japanese Art of Decluttering and Organizing;Marie Kond?;4,5;22 641;11;01/01/2019;Non Fiction;Crafts, Hobbies & Home;Home Improvement & Design;1
428;The Litigators;John Grisham;4,4;6 222;18;01/01/2011;Fiction;Mystery, Thriller & Suspense;Thrillers & Suspense;1
429;The Lost Hero (Heroes of Olympus, Book 1);Rick Riordan;4,8;4 506;14;01/01/2010;Fiction;Children's Books;Fairy Tales, Folk Tales & Myths;1
430;The Lost Symbol;Dan Brown;4,2;8 747;19;01/01/2009;Fiction;Mystery, Thriller & Suspense;Thrillers & Suspense;1
431;The Love Dare;Stephen Kendrick;4,8;1 655;13;01/01/2009;Non Fiction;Christian Books & Bibles;Christian Living;1
432;The Magnolia Story;Chip Gaines;4,9;7 861;5;01/01/2016;Non Fiction;Biographies & Memoirs;Arts & Literature;1
433;The Mark of Athena (Heroes of Olympus, Book 3);Rick Riordan;4,8;6 247;10;01/01/2012;Fiction;Children's Books;Fairy Tales, Folk Tales & Myths;1
434;The Martian;Andy Weir;4,7;39 459;9;01/01/2015;Fiction;Mystery, Thriller & Suspense;Thrillers & Suspense;1
435;The Maze Runner (Book 1);James Dashner;4,5;10 101;8;01/01/2014;Fiction;Teen & Young Adult;Literature & Fiction;1
436;The Meltdown (Diary of a Wimpy Kid Book 13);Jeff Kinney;4,8;5 898;8;01/01/2018;Fiction;Children's Books;Science, Nature & How It Works;1
437;The Mueller Report;The Washington Post;4,6;2 744;12;01/01/2019;Non Fiction;Politics & Social Sciences;Politics & Government;1
438;The Nightingale: A Novel;Kristin Hannah;4,8;49 288;11;01/01/2015;Fiction;Literature & Fiction;Genre Fiction;1
439;The Nightingale: A Novel;Kristin Hannah;4,8;49 288;11;01/01/2016;Fiction;Literature & Fiction;Genre Fiction;1
440;The Official SAT Study Guide;The College Board;4,4;1 201;40;01/01/2010;Non Fiction;Teen & Young Adult;Education & Reference;1
441;The Official SAT Study Guide;The College Board;4,4;1 201;40;01/01/2011;Non Fiction;Teen & Young Adult;Education & Reference;1
442;The Official SAT Study Guide;The College Board;4,4;1 201;40;01/01/2012;Non Fiction;Teen & Young Adult;Education & Reference;1
443;The Official SAT Study Guide;The College Board;4,4;1 201;40;01/01/2013;Non Fiction;Teen & Young Adult;Education & Reference;1
444;The Official SAT Study Guide;The College Board;4,4;1 201;40;01/01/2014;Non Fiction;Teen & Young Adult;Education & Reference;1
445;The Official SAT Study Guide, 2016 Edition (Official Study Guide for the New Sat);The College Board;4,3;807,00;36;01/01/2016;Non Fiction;Teen & Young Adult;Education & Reference;1
446;The Paris Wife: A Novel;Paula McLain;4,3;3 759;16;01/01/2011;Fiction;Literature & Fiction;Genre Fiction;1
447;The Pioneer Woman Cooks: A Year of Holidays: 140 Step-by-Step Recipes for Simple, Scrumptious Celebrations;Ree Drummond;4,8;2 663;17;01/01/2013;Non Fiction;Cookbooks, Food & Wine;Entertaining & Holidays;1
448;The Pioneer Woman Cooks: Dinnertime - Comfort Classics, Freezer Food, 16-minute Meals, and Other Delicious Ways to Solve…;Ree Drummond;4,8;3 428;14;01/01/2015;Non Fiction;Cookbooks, Food & Wine;Entertaining & Holidays;1
449;The Pioneer Woman Cooks: Food from My Frontier;Ree Drummond;4,8;2 876;21;01/01/2012;Non Fiction;Cookbooks, Food & Wine;Entertaining & Holidays;1
450;The Plant Paradox Cookbook: 100 Delicious Recipes to Help You Lose Weight, Heal Your Gut, and Live Lectin-Free;Dr. Steven R Gundry MD;4,5;3 601;18;01/01/2018;Non Fiction;Cookbooks, Food & Wine;Cooking by Ingredient;1
451;"The Plant Paradox: The Hidden Dangers in ""Healthy"" Foods That Cause Disease and Weight Gain";Dr. Steven R Gundry MD;4,4;7 058;17;01/01/2018;Non Fiction;Cookbooks, Food & Wine;Cooking by Ingredient;1
452;The Pout-Pout Fish;Deborah Diesen;4,8;9 784;5;01/01/2017;Fiction;Children's Books;Growing Up & Facts of Life;1
453;The Pout-Pout Fish;Deborah Diesen;4,8;9 784;5;01/01/2018;Fiction;Children's Books;Growing Up & Facts of Life;1
454;The Power of Habit: Why We Do What We Do in Life and Business;Charles Duhigg;4,6;10 795;21;01/01/2012;Non Fiction;Health, Fitness & Dieting;Psychology & Counseling;1
455;The President Is Missing: A Novel;James Patterson;4,3;10 191;18;01/01/2018;Fiction;Literature & Fiction;Action & Adventure;1
456;The Racketeer;John Grisham;4,3;14 493;18;01/01/2012;Fiction;Mystery, Thriller & Suspense;Thrillers & Suspense;1
457;The Red Pyramid (The Kane Chronicles, Book 1);Rick Riordan;4,6;2 186;12;01/01/2010;Fiction;Children's Books;Science Fiction & Fantasy;1
458;The Road to Serfdom: Text and Documents--The Definitive Edition (The Collected Works of F. A. Hayek, Volume 2);F. A. Hayek;4,6;1 204;14;01/01/2010;Non Fiction;Politics & Social Sciences;Politics & Government;1
459;The Serpent's Shadow (The Kane Chronicles, Book 3);Rick Riordan;4,8;2 091;12;01/01/2012;Fiction;Children's Books;Science Fiction & Fantasy;1
460;The Shack: Where Tragedy Confronts Eternity;William P. Young;4,6;19 720;8;01/01/2009;Fiction;Children's Books;Literature & Fiction;1
461;The Shack: Where Tragedy Confronts Eternity;William P. Young;4,6;19 720;8;01/01/2017;Fiction;Children's Books;Literature & Fiction;1
462;The Short Second Life of Bree Tanner: An Eclipse Novella (The Twilight Saga);Stephenie Meyer;4,6;2 122;0;01/01/2010;Fiction;Teen & Young Adult;Science Fiction & Fantasy;1
463;The Silent Patient;Alex Michaelides;4,5;27 536;14;01/01/2019;Fiction;Mystery, Thriller & Suspense;Thrillers & Suspense;1
464;The Son of Neptune (Heroes of Olympus, Book 2);Rick Riordan;4,8;4 290;10;01/01/2011;Fiction;Children's Books;Fairy Tales, Folk Tales & Myths;1
465;The Subtle Art of Not Giving a F*ck: A Counterintuitive Approach to Living a Good Life;Mark Manson;4,6;26 490;15;01/01/2017;Non Fiction;Humor & Entertainment;Humor;1
466;The Subtle Art of Not Giving a F*ck: A Counterintuitive Approach to Living a Good Life;Mark Manson;4,6;26 490;15;01/01/2018;Non Fiction;Humor & Entertainment;Humor;1
467;The Subtle Art of Not Giving a F*ck: A Counterintuitive Approach to Living a Good Life;Mark Manson;4,6;26 490;15;01/01/2019;Non Fiction;Humor & Entertainment;Humor;1
468;The Sun and Her Flowers;Rupi Kaur;4,7;5 487;9;01/01/2017;Non Fiction;Literature & Fiction;Poetry;1
469;The Third Wheel (Diary of a Wimpy Kid, Book 7);Jeff Kinney;4,7;6 377;7;01/01/2012;Fiction;Children's Books;Humor;1
470;The Throne of Fire (The Kane Chronicles, Book 2);Rick Riordan;4,7;1 463;10;01/01/2011;Fiction;Children's Books;Growing Up & Facts of Life;1
471;The Time Traveler's Wife;Audrey Niffenegger;4,4;3 759;6;01/01/2009;Fiction;Science Fiction & Fantasy;Fantasy;1
472;The Tipping Point: How Little Things Can Make a Big Difference;Malcolm Gladwell;4,4;3 503;9;01/01/2009;Non Fiction;Business & Money;Marketing & Sales;1
473;The Total Money Makeover: Classic Edition: A Proven Plan for Financial Fitness;Dave Ramsey;4,7;11 550;10;01/01/2019;Non Fiction;Christian Books & Bibles;Christian Living;1
474;The Twilight Saga Collection;Stephenie Meyer;4,7;3 801;82;01/01/2009;Fiction;Teen & Young Adult;Science Fiction & Fantasy;1
475;The Ugly Truth (Diary of a Wimpy Kid, Book 5);Jeff Kinney;4,8;3 796;12;01/01/2010;Fiction;Children's Books;Growing Up & Facts of Life;1
476;The Unofficial Harry Potter Cookbook: From Cauldron Cakes to Knickerbocker Glory--More Than 150 Magical Recipes for…;Dinah Bucholz;4,7;9 030;10;01/01/2019;Non Fiction;Children's Books;Arts, Music & Photography;1
477;The Very Hungry Caterpillar;Eric Carle;4,9;19 546;5;01/01/2013;Fiction;Children's Books;Early Learning;1
478;The Very Hungry Caterpillar;Eric Carle;4,9;19 546;5;01/01/2014;Fiction;Children's Books;Early Learning;1
479;The Very Hungry Caterpillar;Eric Carle;4,9;19 546;5;01/01/2015;Fiction;Children's Books;Early Learning;1
480;The Very Hungry Caterpillar;Eric Carle;4,9;19 546;5;01/01/2016;Fiction;Children's Books;Early Learning;1
481;The Very Hungry Caterpillar;Eric Carle;4,9;19 546;5;01/01/2017;Fiction;Children's Books;Early Learning;1
482;The Very Hungry Caterpillar;Eric Carle;4,9;19 546;5;01/01/2018;Fiction;Children's Books;Early Learning;1
483;The Very Hungry Caterpillar;Eric Carle;4,9;19 546;5;01/01/2019;Fiction;Children's Books;Early Learning;1
484;The Whole30: The 30-Day Guide to Total Health and Food Freedom;Melissa Hartwig Urban;4,6;7 508;16;01/01/2015;Non Fiction;Cookbooks, Food & Wine;Special Diet;1
485;The Whole30: The 30-Day Guide to Total Health and Food Freedom;Melissa Hartwig Urban;4,6;7 508;16;01/01/2016;Non Fiction;Cookbooks, Food & Wine;Special Diet;1
486;The Whole30: The 30-Day Guide to Total Health and Food Freedom;Melissa Hartwig Urban;4,6;7 508;16;01/01/2017;Non Fiction;Cookbooks, Food & Wine;Special Diet;1
487;The Wonderful Things You Will Be;Emily Winfield Martin;4,9;8 842;10;01/01/2016;Fiction;Children's Books;Growing Up & Facts of Life;1
488;The Wonderful Things You Will Be;Emily Winfield Martin;4,9;8 842;10;01/01/2017;Fiction;Children's Books;Growing Up & Facts of Life;1
489;The Wonderful Things You Will Be;Emily Winfield Martin;4,9;8 842;10;01/01/2018;Fiction;Children's Books;Growing Up & Facts of Life;1
490;The Wonderful Things You Will Be;Emily Winfield Martin;4,9;8 842;10;01/01/2019;Fiction;Children's Books;Growing Up & Facts of Life;1
491;The Wonky Donkey;Craig Smith;4,8;30 183;4;01/01/2018;Fiction;Children's Books;Animals;1
492;The Wonky Donkey;Craig Smith;4,8;30 183;4;01/01/2019;Fiction;Children's Books;Animals;1
493;The Wright Brothers;David McCullough;4,7;6 169;16;01/01/2015;Non Fiction;Engineering & Transportation;Transportation;1
494;Things That Matter: Three Decades of Passions, Pastimes and Politics [Deckled Edge];Charles Krauthammer;4,7;7 034;15;01/01/2013;Non Fiction;Politics & Social Sciences;Politics & Government;1
495;Thinking, Fast and Slow;Daniel Kahneman;4,6;11 034;19;01/01/2011;Non Fiction;Business & Money;Management & Leadership;1
496;Thinking, Fast and Slow;Daniel Kahneman;4,6;11 034;19;01/01/2012;Non Fiction;Business & Money;Management & Leadership;1
497;Thirteen Reasons Why;Jay Asher;4,5;7 932;9;01/01/2017;Fiction;Teen & Young Adult;Literature & Fiction;1
498;Thomas Jefferson: The Art of Power;Jon Meacham;4,5;1 904;23;01/01/2012;Non Fiction;Biographies & Memoirs;Leaders & Notable People;1
499;Three Cups of Tea: One Man's Mission to Promote Peace - One School at a Time;Greg Mortenson;4,3;3 319;11;01/01/2009;Non Fiction;Biographies & Memoirs;Historical;1
500;Three Cups of Tea: One Man's Mission to Promote Peace - One School at a Time;Greg Mortenson;4,3;3 319;11;01/01/2010;Non Fiction;Biographies & Memoirs;Historical;1
501;Thug Kitchen: The Official Cookbook: Eat Like You Give a F*ck (Thug Kitchen Cookbooks);Thug Kitchen;4,6;11 128;23;01/01/2014;Non Fiction;Cookbooks, Food & Wine;Vegetarian & Vegan;1
502;Thug Kitchen: The Official Cookbook: Eat Like You Give a F*ck (Thug Kitchen Cookbooks);Thug Kitchen;4,6;11 128;23;01/01/2015;Non Fiction;Cookbooks, Food & Wine;Vegetarian & Vegan;1
503;Thug Kitchen: The Official Cookbook: Eat Like You Give a F*ck (Thug Kitchen Cookbooks);Thug Kitchen;4,6;11 128;23;01/01/2016;Non Fiction;Cookbooks, Food & Wine;Vegetarian & Vegan;1
504;Thug Kitchen: The Official Cookbook: Eat Like You Give a F*ck (Thug Kitchen Cookbooks);Thug Kitchen;4,6;11 128;23;01/01/2017;Non Fiction;Cookbooks, Food & Wine;Vegetarian & Vegan;1
505;Tina Fey: Bossypants;Tina Fey;4,3;5 977;12;01/01/2011;Non Fiction;Humor & Entertainment;Television;1
506;To Kill a Mockingbird;Harper Lee;4,8;26 234;0;01/01/2013;Fiction;Literature & Fiction;Genre Fiction;1
507;To Kill a Mockingbird;Harper Lee;4,8;26 234;0;01/01/2014;Fiction;Literature & Fiction;Genre Fiction;1
508;To Kill a Mockingbird;Harper Lee;4,8;26 234;0;01/01/2015;Fiction;Literature & Fiction;Genre Fiction;1
509;To Kill a Mockingbird;Harper Lee;4,8;26 234;0;01/01/2016;Fiction;Literature & Fiction;Genre Fiction;1
510;To Kill a Mockingbird;Harper Lee;4,8;26 234;7;01/01/2019;Fiction;Literature & Fiction;Genre Fiction;1
511;Tools of Titans: The Tactics, Routines, and Habits of Billionaires, Icons, and World-Class Performers;Timothy Ferriss;4,6;4 360;21;01/01/2017;Non Fiction;Business & Money;Management & Leadership;1
512;Towers of Midnight (Wheel of Time, Book Thirteen);Robert Jordan;4,8;2 282;21;01/01/2010;Fiction;Science Fiction & Fantasy;Fantasy;1
513;True Compass: A Memoir;Edward M. Kennedy;4,5;438,00;15;01/01/2009;Non Fiction;Biographies & Memoirs;Historical;1
514;Twilight (The Twilight Saga, Book 1);Stephenie Meyer;4,7;11 676;9;01/01/2009;Fiction;Teen & Young Adult;Science Fiction & Fantasy;1
515;Ultimate Sticker Book: Frozen: More Than 60 Reusable Full-Color Stickers;DK;4,5;2 586;5;01/01/2014;Fiction;Children's Books;Growing Up & Facts of Life;1
516;Unbroken: A World War II Story of Survival, Resilience, and Redemption;Laura Hillenbrand;4,8;29 673;16;01/01/2010;Non Fiction;Biographies & Memoirs;Leaders & Notable People;1
517;Unbroken: A World War II Story of Survival, Resilience, and Redemption;Laura Hillenbrand;4,8;29 673;16;01/01/2011;Non Fiction;Biographies & Memoirs;Leaders & Notable People;1
518;Unbroken: A World War II Story of Survival, Resilience, and Redemption;Laura Hillenbrand;4,8;29 673;16;01/01/2012;Non Fiction;Biographies & Memoirs;Leaders & Notable People;1
519;Unbroken: A World War II Story of Survival, Resilience, and Redemption;Laura Hillenbrand;4,8;29 673;13;01/01/2014;Non Fiction;Biographies & Memoirs;Leaders & Notable People;1
520;Unbroken: A World War II Story of Survival, Resilience, and Redemption;Laura Hillenbrand;4,8;29 673;16;01/01/2014;Non Fiction;Biographies & Memoirs;Leaders & Notable People;1
521;Under the Dome: A Novel;Stephen King;4,3;6 740;20;01/01/2009;Fiction;Literature & Fiction;Genre Fiction;1
522;Unfreedom of the Press;Mark R. Levin;4,9;5 956;11;01/01/2019;Non Fiction;Reference;Writing, Research & Publishing Guides;1
523;Unicorn Coloring Book: For Kids Ages 4-8 (US Edition) (Silly Bear Coloring Books);Silly Bear;4,8;6 108;4;01/01/2019;Non Fiction;Crafts, Hobbies & Home;Crafts & Hobbies;1
524;Uninvited: Living Loved When You Feel Less Than, Left Out, and Lonely;Lysa TerKeurst;4,7;4 585;9;01/01/2016;Non Fiction;Christian Books & Bibles;Christian Living;1
525;Watchmen;Alan Moore;4,8;3 829;42;01/01/2009;Fiction;Comics & Graphic Novels;Graphic Novels;1
526;Water for Elephants: A Novel;Sara Gruen;4,5;8 958;12;01/01/2011;Fiction;Literature & Fiction;Genre Fiction;1
527;What Happened;Hillary Rodham Clinton;4,6;5 492;18;01/01/2017;Non Fiction;Politics & Social Sciences;Politics & Government;1
528;What If?: Serious Scientific Answers to Absurd Hypothetical Questions;Randall Munroe;4,7;9 292;17;01/01/2014;Non Fiction;Humor & Entertainment;Puzzles &  Games;1
529;What Pet Should I Get? (Classic Seuss);Dr. Seuss;4,7;1 873;14;01/01/2015;Fiction;Children's Books;Literature & Fiction;1
530;What Should Danny Do? (The Power to Choose Series);Adir Levy;4,8;8 170;13;01/01/2019;Fiction;Children's Books;Growing Up & Facts of Life;1
531;What to Expect When You're Expecting;Heidi Murkoff;4,4;3 341;9;01/01/2011;Non Fiction;Health, Fitness & Dieting;Women's Health;1
532;Wheat Belly: Lose the Wheat, Lose the Weight, and Find Your Path Back to Health;William Davis;4,4;7 497;6;01/01/2012;Non Fiction;Crafts, Hobbies & Home;Home Improvement & Design;1
533;Wheat Belly: Lose the Wheat, Lose the Weight, and Find Your Path Back to Health;William Davis;4,4;7 497;6;01/01/2013;Non Fiction;Crafts, Hobbies & Home;Home Improvement & Design;1
534;When Breath Becomes Air;Paul Kalanithi;4,8;13 779;14;01/01/2016;Non Fiction;Medical Books;Medicine;1
535;Where the Crawdads Sing;Delia Owens;4,8;87 841;15;01/01/2019;Fiction;Literature & Fiction;Genre Fiction;1
536;Where the Wild Things Are;Maurice Sendak;4,8;9 967;13;01/01/2009;Fiction;Children's Books;Science Fiction & Fantasy;1
537;Whose Boat Is This Boat?: Comments That Don't Help in the Aftermath of a Hurricane;The Staff of The Late Show with…;4,6;6 669;12;01/01/2018;Non Fiction;Humor & Entertainment;Humor;1
538;Wild: From Lost to Found on the Pacific Crest Trail;Cheryl Strayed;4,4;17 044;18;01/01/2012;Non Fiction;Travel ;United States;1
539;Winter of the World: Book Two of the Century Trilogy;Ken Follett;4,5;10 760;15;01/01/2012;Fiction;Literature & Fiction;Genre Fiction;1
540;Women Food and God: An Unexpected Path to Almost Everything;Geneen Roth;4,2;1 302;11;01/01/2010;Non Fiction;Health, Fitness & Dieting;Addiction & Recovery;1
541;Wonder;R. J. Palacio;4,8;21 625;9;01/01/2013;Fiction;Children's Books;Growing Up & Facts of Life;1
542;Wonder;R. J. Palacio;4,8;21 625;9;01/01/2014;Fiction;Children's Books;Growing Up & Facts of Life;1
543;Wonder;R. J. Palacio;4,8;21 625;9;01/01/2015;Fiction;Children's Books;Growing Up & Facts of Life;1
544;Wonder;R. J. Palacio;4,8;21 625;9;01/01/2016;Fiction;Children's Books;Growing Up & Facts of Life;1
545;Wonder;R. J. Palacio;4,8;21 625;9;01/01/2017;Fiction;Children's Books;Growing Up & Facts of Life;1
546;Wrecking Ball (Diary of a Wimpy Kid Book 14);Jeff Kinney;4,9;9 413;8;01/01/2019;Fiction;Children's Books;Growing Up & Facts of Life;1
547;You Are a Badass: How to Stop Doubting Your Greatness and Start Living an Awesome Life;Jen Sincero;4,7;14 331;8;01/01/2016;Non Fiction;Self-Help;Happiness;1
548;You Are a Badass: How to Stop Doubting Your Greatness and Start Living an Awesome Life;Jen Sincero;4,7;14 331;8;01/01/2017;Non Fiction;Self-Help;Happiness;1
549;You Are a Badass: How to Stop Doubting Your Greatness and Start Living an Awesome Life;Jen Sincero;4,7;14 331;8;01/01/2018;Non Fiction;Self-Help;Happiness;1
550;You Are a Badass: How to Stop Doubting Your Greatness and Start Living an Awesome Life;Jen Sincero;4,7;14 331;8;01/01/2019;Non Fiction;Self-Help;Happiness;1
;;;;;;;;;;
;;;;;;;;;;
;;;;;;;;;;
;;;;;;;;;;
;;;;;;;;;;
;;;;;;;;;;
;;;;;;;;;;
;;;;;;;;;;
;;;;;;;;;;
;;;;;;;;;;
;;;;;;;;;;
;;;;;;;;;;
;;;;;;;;;;
;;;;;;;;;;
;;;;;;;;;;
;;;;;;;;;;
;;;;;;;;;;
;;;;;;;;;;
;;;;;;;;;;
;;;;;;;;;;
;;;;;;;;;;
;;;;;;;;;;
;;;;;;;;;;
;;;;;;;;;;
;;;;;;;;;;
;;;;;;;;;;
;;;;;;;;;;
;;;;;;;;;;
;;;;;;;;;;
;;;;;;;;;;
;;;;;;;;;;
;;;;;;;;;;
;;;;;;;;;;
;;;;;;;;;;
;;;;;;;;;;
;;;;;;;;;;
;;;;;;;;;;
;;;;;;;;;;
;;;;;;;;;;
;;;;;;;;;;
;;;;;;;;;;
;;;;;;;;;;
;;;;;;;;;;
;;;;;;;;;;
;;;;;;;;;;
;;;;;;;;;;
;;;;;;;;;;
;;;;;;;;;;
;;;;;;;;;;
;;;;;;;;;;
;;;;;;;;;;
;;;;;;;;;;
;;;;;;;;;;
;;;;;;;;;;
;;;;;;;;;;
;;;;;;;;;;
;;;;;;;;;;
;;;;;;;;;;
;;;;;;;;;;
;;;;;;;;;;
;;;;;;;;;;
;;;;;;;;;;
;;;;;;;;;;
;;;;;;;;;;
;;;;;;;;;;
;;;;;;;;;;
;;;;;;;;;;
;;;;;;;;;;
;;;;;;;;;;
;;;;;;;;;;
;;;;;;;;;;
;;;;;;;;;;
;;;;;;;;;;
;;;;;;;;;;
;;;;;;;;;;
;;;;;;;;;;
;;;;;;;;;;
;;;;;;;;;;
;;;;;;;;;;
;;;;;;;;;;
;;;;;;;;;;
;;;;;;;;;;
;;;;;;;;;;
;;;;;;;;;;
;;;;;;;;;;
;;;;;;;;;;
;;;;;;;;;;
;;;;;;;;;;
;;;;;;;;;;
;;;;;;;;;;
;;;;;;;;;;
;;;;;;;;;;
;;;;;;;;;;
;;;;;;;;;;
;;;;;;;;;;
;;;;;;;;;;
;;;;;;;;;;
;;;;;;;;;;
;;;;;;;;;;
;;;;;;;;;;
;;;;;;;;;;
;;;;;;;;;;
;;;;;;;;;;
;;;;;;;;;;
;;;;;;;;;;
;;;;;;;;;;
;;;;;;;;;;
;;;;;;;;;;
;;;;;;;;;;
;;;;;;;;;;
;;;;;;;;;;
;;;;;;;;;;
;;;;;;;;;;
;;;;;;;;;;
;;;;;;;;;;
;;;;;;;;;;
;;;;;;;;;;
;;;;;;;;;;
;;;;;;;;;;
;;;;;;;;;;
;;;;;;;;;;
;;;;;;;;;;
;;;;;;;;;;
;;;;;;;;;;
;;;;;;;;;;
;;;;;;;;;;
;;;;;;;;;;
;;;;;;;;;;
;;;;;;;;;;
;;;;;;;;;;
;;;;;;;;;;
;;;;;;;;;;
;;;;;;;;;;
;;;;;;;;;;
;;;;;;;;;;
;;;;;;;;;;
;;;;;;;;;;
;;;;;;;;;;
;;;;;;;;;;
;;;;;;;;;;
;;;;;;;;;;
;;;;;;;;;;
;;;;;;;;;;
;;;;;;;;;;
;;;;;;;;;;
;;;;;;;;;;
;;;;;;;;;;
;;;;;;;;;;
;;;;;;;;;;
;;;;;;;;;;
;;;;;;;;;;
;;;;;;;;;;
;;;;;;;;;;
;;;;;;;;;;
;;;;;;;;;;
;;;;;;;;;;
;;;;;;;;;;
;;;;;;;;;;
;;;;;;;;;;
;;;;;;;;;;
;;;;;;;;;;
;;;;;;;;;;
;;;;;;;;;;
;;;;;;;;;;
;;;;;;;;;;
;;;;;;;;;;
;;;;;;;;;;
;;;;;;;;;;
;;;;;;;;;;
;;;;;;;;;;
;;;;;;;;;;
;;;;;;;;;;
;;;;;;;;;;
;;;;;;;;;;
;;;;;;;;;;
;;;;;;;;;;
;;;;;;;;;;
;;;;;;;;;;
;;;;;;;;;;
;;;;;;;;;;
;;;;;;;;;;
;;;;;;;;;;
;;;;;;;;;;
;;;;;;;;;;
;;;;;;;;;;
;;;;;;;;;;
;;;;;;;;;;
;;;;;;;;;;
;;;;;;;;;;
;;;;;;;;;;
;;;;;;;;;;
;;;;;;;;;;
;;;;;;;;;;
;;;;;;;;;;
;;;;;;;;;;
;;;;;;;;;;
;;;;;;;;;;
;;;;;;;;;;
;;;;;;;;;;
;;;;;;;;;;
;;;;;;;;;;
;;;;;;;;;;
;;;;;;;;;;
;;;;;;;;;;
;;;;;;;;;;
;;;;;;;;;;
;;;;;;;;;;
;;;;;;;;;;
;;;;;;;;;;
;;;;;;;;;;
;;;;;;;;;;
;;;;;;;;;;
;;;;;;;;;;
;;;;;;;;;;
;;;;;;;;;;
;;;;;;;;;;
;;;;;;;;;;
;;;;;;;;;;
;;;;;;;;;;
;;;;;;;;;;
;;;;;;;;;;
;;;;;;;;;;
;;;;;;;;;;
;;;;;;;;;;
;;;;;;;;;;
;;;;;;;;;;
;;;;;;;;;;
;;;;;;;;;;
;;;;;;;;;;
;;;;;;;;;;
;;;;;;;;;;
;;;;;;;;;;
;;;;;;;;;;
;;;;;;;;;;
;;;;;;;;;;
;;;;;;;;;;
;;;;;;;;;;
;;;;;;;;;;
;;;;;;;;;;
;;;;;;;;;;
;;;;;;;;;;
;;;;;;;;;;
;;;;;;;;;;
;;;;;;;;;;
;;;;;;;;;;
;;;;;;;;;;
;;;;;;;;;;
;;;;;;;;;;
;;;;;;;;;;
;;;;;;;;;;
;;;;;;;;;;
;;;;;;;;;;
;;;;;;;;;;
;;;;;;;;;;
;;;;;;;;;;
;;;;;;;;;;
;;;;;;;;;;
;;;;;;;;;;
;;;;;;;;;;
;;;;;;;;;;
;;;;;;;;;;
;;;;;;;;;;
;;;;;;;;;;
;;;;;;;;;;
;;;;;;;;;;
;;;;;;;;;;
;;;;;;;;;;
;;;;;;;;;;
;;;;;;;;;;
;;;;;;;;;;
;;;;;;;;;;
;;;;;;;;;;
;;;;;;;;;;
;;;;;;;;;;
;;;;;;;;;;
;;;;;;;;;;
;;;;;;;;;;
;;;;;;;;;;
;;;;;;;;;;
;;;;;;;;;;
;;;;;;;;;;
;;;;;;;;;;
;;;;;;;;;;
;;;;;;;;;;
;;;;;;;;;;
;;;;;;;;;;
;;;;;;;;;;
;;;;;;;;;;
;;;;;;;;;;
;;;;;;;;;;
;;;;;;;;;;
;;;;;;;;;;
;;;;;;;;;;
;;;;;;;;;;
;;;;;;;;;;
;;;;;;;;;;
;;;;;;;;;;
;;;;;;;;;;
;;;;;;;;;;
;;;;;;;;;;
;;;;;;;;;;
;;;;;;;;;;
;;;;;;;;;;
;;;;;;;;;;
;;;;;;;;;;
;;;;;;;;;;
;;;;;;;;;;
;;;;;;;;;;
;;;;;;;;;;
;;;;;;;;;;
;;;;;;;;;;
;;;;;;;;;;
;;;;;;;;;;
;;;;;;;;;;
;;;;;;;;;;
;;;;;;;;;;
;;;;;;;;;;
;;;;;;;;;;
;;;;;;;;;;
;;;;;;;;;;
;;;;;;;;;;
;;;;;;;;;;
;;;;;;;;;;
;;;;;;;;;;
;;;;;;;;;;
;;;;;;;;;;
;;;;;;;;;;
;;;;;;;;;;
;;;;;;;;;;
;;;;;;;;;;
;;;;;;;;;;
;;;;;;;;;;
;;;;;;;;;;
;;;;;;;;;;
;;;;;;;;;;
;;;;;;;;;;
;;;;;;;;;;
;;;;;;;;;;
;;;;;;;;;;
;;;;;;;;;;
;;;;;;;;;;
;;;;;;;;;;
;;;;;;;;;;
;;;;;;;;;;
;;;;;;;;;;
;;;;;;;;;;
;;;;;;;;;;
;;;;;;;;;;
;;;;;;;;;;
;;;;;;;;;;
;;;;;;;;;;
;;;;;;;;;;
;;;;;;;;;;
;;;;;;;;;;
;;;;;;;;;;
;;;;;;;;;;
;;;;;;;;;;
;;;;;;;;;;
;;;;;;;;;;
;;;;;;;;;;
;;;;;;;;;;
;;;;;;;;;;
;;;;;;;;;;
;;;;;;;;;;
;;;;;;;;;;
;;;;;;;;;;
;;;;;;;;;;
;;;;;;;;;;
;;;;;;;;;;
;;;;;;;;;;
;;;;;;;;;;
;;;;;;;;;;
;;;;;;;;;;
;;;;;;;;;;
;;;;;;;;;;
;;;;;;;;;;
;;;;;;;;;;
;;;;;;;;;;
;;;;;;;;;;
;;;;;;;;;;
;;;;;;;;;;
;;;;;;;;;;
;;;;;;;;;;
;;;;;;;;;;
;;;;;;;;;;
;;;;;;;;;;
;;;;;;;;;;
;;;;;;;;;;
;;;;;;;;;;
;;;;;;;;;;
;;;;;;;;;;
;;;;;;;;;;
;;;;;;;;;;
;;;;;;;;;;
;;;;;;;;;;
;;;;;;;;;;
;;;;;;;;;;
;;;;;;;;;;
;;;;;;;;;;
;;;;;;;;;;
;;;;;;;;;;
;;;;;;;;;;
;;;;;;;;;;
;;;;;;;;;;
;;;;;;;;;;
;;;;;;;;;;
;;;;;;;;;;
;;;;;;;;;;
;;;;;;;;;;
;;;;;;;;;;
;;;;;;;;;;
;;;;;;;;;;
;;;;;;;;;;
;;;;;;;;;;
;;;;;;;;;;
;;;;;;;;;;
;;;;;;;;;;
;;;;;;;;;;
;;;;;;;;;;
;;;;;;;;;;
;;;;;;;;;;
;;;;;;;;;;
;;;;;;;;;;
;;;;;;;;;;
;;;;;;;;;;
;;;;;;;;;;
;;;;;;;;;;
;;;;;;;;;;
;;;;;;;;;;
;;;;;;;;;;
;;;;;;;;;;
;;;;;;;;;;
;;;;;;;;;;
;;;;;;;;;;
;;;;;;;;;;
;;;;;;;;;;
;;;;;;;;;;
;;;;;;;;;;
;;;;;;;;;;
;;;;;;;;;;
;;;;;;;;;;
;;;;;;;;;;
;;;;;;;;;;
;;;;;;;;;;
;;;;;;;;;;
;;;;;;;;;;
;;;;;;;;;;
;;;;;;;;;;
;;;;;;;;;;
